variant_id	query	query_type	variant_accepted
2489	NC_000003.11:g.10191648_10191649insC	genomic	True
1988	NC_000003.11:g.10191649A>T	genomic	True
2488	3-10191647-T-G	genomic	True
1986	NC_000003.11:g.10191648G>T	genomic	True
1987	NC_000003.11:g.10191649A>G	genomic	True
2152	NC_000003.11:g.10191719C>A	genomic	True
2024	3-10191656-C-G	genomic	True
467	KDR A1065T	protein	True
807	RUNX1 A107P	protein	True
3683	JAK1 A1086S	protein	False
3030	BCL2 A113G	protein	False
3342	KRAS A11_G12insGA	protein	True
3544	PTEN A121E	protein	False
2028	NC_000003.11:g.10188221_10188222delinsAT	genomic	True
3194	3-10188222-C-T	genomic	False
3528	PTEN A126D	protein	False
3565	PTEN A126S	protein	False
4131	TP53 A138K	protein	False
3416	TP53 A138V	protein	False
905	KRAS A146P	protein	True
906	KRAS A146T	protein	True
322	KRAS A146V	protein	True
820	NC_000003.11:g.10188302G>T	genomic	True
1744	NC_000003.11:g.10188302G>A	genomic	True
2042	NC_000003.11:g.10188302delG	genomic	True
4134	TP53 A161D	protein	False
4116	TP53 A161G	protein	False
1114	TP53 A161T	protein	True
4136	TP53 A161V	protein	False
3976	BRCA1 A1708E	protein	False
3994	BRCA1 A1789T	protein	False
2929	PRPS1 A190T	protein	True
2928	PRPS1 A190V	protein	False
610	MTOR A2034V	protein	True
3147	NTRK2 A203T	protein	False
1169	ATM A2062V	protein	True
1522	CDKN2A A20P	protein	False
258	MTHFR A222V	protein	True
1171	ATM A2274T	protein	False
1217	ERBB3 A232V	protein	False
3708	AR A234T	protein	False
1050	TP53 A276V	protein	True
996	EGFR A289V	protein	True
4402	CDH1 A298T	protein	False
4126	TP53 A347G	protein	False
4023	FGFR3 A391E	protein	True
752	MLH1 A424T	protein	True
1588	SMO A459V	protein	False
4248	PTPN11 A461T	protein	False
1558	KIT A502_Y503insAY	protein	True
3173	NC_000003.11:g.10183681C>G	genomic	False
771	NC_000003.11:g.10183695_10183696insG	genomic	True
793	NC_000003.11:g.10183695_10183696insA	genomic	True
1785	NC_000003.11:g.10183697_10183698insA	genomic	True
2826	BRAF A598V	protein	True
1646	POLE4 A59E	protein	False
760	MLH1 A681V	protein	True
4415	EZH2 A682G	protein	True
4414	EZH2 A692V	protein	True
2255	EGFR A702S	protein	False
1198	BRAF A728V	protein	True
2332	EGFR A750T	protein	False
1515	EGFR A763_Y764insFQEA	protein	True
2658	ERBB2 A775_G776insYVMA	protein	False
3591	RIT1 A77P	protein	False
3592	RIT1 A77S	protein	False
990	KIT A829P	protein	True
4127	TP53 A83E	protein	False
1474	EGFR A859T	protein	False
1187	EGFR A864T	protein	True
3751	ARHGAP35 A865_L870delinsV	protein	False
4129	TP53 A86E	protein	False
4128	TP53 A86T	protein	False
2939	PRPS1 A87T	protein	True
153	FOXP1 AMPLIFICATION	protein	True
154	REL AMPLIFICATION	protein	True
204	NCOA3 AMPLIFICATION	protein	True
224	TTF1 AMPLIFICATION	protein	True
2655	MYB AMPLIFICATION	protein	True
18	CCND1 Amplification	protein	True
180	AURKA Amplification	protein	True
187	CCNE1 Amplification	protein	True
190	EGFR Amplification	protein	True
212	PIK3CA Amplification	protein	True
219	TERT Amplification	protein	True
251	BIRC7 Amplification	protein	True
267	FGFR1 Amplification	protein	True
270	MET Amplification	protein	True
298	MYCN Amplification	protein	True
306	ERBB2 Amplification	protein	True
321	MAPK1 Amplification	protein	True
330	NOTCH1 Amplification	protein	True
358	RSF1 Amplification	protein	True
371	TOP1 Amplification	protein	True
379	TYMS Amplification	protein	True
407	ABCC3 Amplification	protein	True
409	ASNS Amplification	protein	True
553	CDK4 Amplification	protein	True
573	RICTOR Amplification	protein	True
586	KIT Amplification	protein	True
591	RAF1 Amplification	protein	True
592	KRAS Amplification	protein	True
629	FGFR2 Amplification	protein	True
630	FGF3 Amplification	protein	True
635	AKT2 Amplification	protein	True
716	PDGFRA Amplification	protein	True
1261	MDM2 Amplification	protein	False
1268	MDM4 Amplification	protein	False
1269	BRAF Amplification	protein	True
1276	SMO Amplification	protein	False
1280	NTRK1 Amplification	protein	True
1281	NTRK3 Amplification	protein	True
1684	PSMD4 Amplification	protein	False
1685	CDK6 Amplification	protein	False
2205	FLT4 Amplification	protein	False
2240	TLK2 Amplification	protein	True
2397	CRKL Amplification	protein	False
2550	NRAS Amplification	protein	False
2564	MYC Amplification	protein	False
2598	IRS2 Amplification	protein	False
2619	FLT3 Amplification	protein	False
2637	KDR Amplification	protein	False
2746	CCND2 Amplification	protein	False
2747	CCND3 Amplification	protein	False
2844	MITF Amplification	protein	False
2906	FGFR3 Amplification	protein	False
2907	FGFR4 Amplification	protein	False
3687	KMT2A Amplification	protein	False
4301	ALK Amplification	protein	True
4423	TBXT Amplification	protein	False
4331	ALK C1156Y	protein	True
627	MAP2K1 C121S	protein	True
4113	TP53 C124R	protein	True
3547	PTEN C124S	protein	False
2840	MAP2K2 C125S	protein	False
198	FOXL2 C134W	protein	True
2719	TP53 C135F	protein	False
924	TP53 C135W	protein	True
1111	TP53 C135Y	protein	False
3382	PTEN C136R	protein	True
1094	TP53 C141W	protein	False
2713	MTOR C1483F	protein	False
3413	MTOR C1483R	protein	False
543	MTOR C1483Y	protein	True
2528	NC_000003.11:g.10191493C>A	genomic	False
1773	NC_000003.11:g.10191492G>T	genomic	True
1772	NC_000003.11:g.10191491T>C	genomic	True
1774	NC_000003.11:g.10191493C>G	genomic	True
1824	NC_000003.11:g.10191492G>A	genomic	True
2035	NC_000003.11:g.10191490del	genomic	True
3389	TP53 C176F	protein	False
4118	TP53 C176S	protein	False
1116	TP53 C176Y	protein	False
3393	TP53 C238F	protein	False
2648	TP53 C238Y	protein	True
1062	TP53 C242F	protein	False
1063	TP53 C242S	protein	False
1064	TP53 C242Y	protein	True
1172	ATM C2488Y	protein	True
4124	TP53 C275F	protein	False
917	TP53 C275Y	protein	False
4145	TP53 C277Y	protein	False
1647	POLD1 C284Y	protein	True
3357	FGFR2 C342R	protein	False
3358	FGFR2 C342Y	protein	False
931	PIK3CA C420R	protein	True
1586	SMO C469Y	protein	False
1639	ABL1 C475V	protein	True
4017	BTK C481R	protein	False
168	BTK C481S	protein	True
4016	BTK C481Y	protein	False
3605	EZH2 C576W	protein	False
3337	PIK3CA C604R	protein	False
1260	RET C609Y	protein	True
1700	RET C634R	protein	False
112	RET C634W	protein	True
2936	PRPS1 C77S	protein	True
3096	NC_000003.12:g.10142077_10142078insTCT	genomic	True
2123	NC_000003.11:g.10183760_10183762del	genomic	False
3003	EGFR C797G	protein	False
415	EGFR C797S	protein	True
1574	EGFR C797Y	protein	True
1264	KIT C809G	protein	True
3756	BAP1 C91S	protein	False
2789	PIK3CA C971R	protein	False
1660	MET D1010H	protein	False
1651	MET D1010N	protein	False
1649	MET D1010Y	protein	False
3062	BCL2 D103E	protein	False
3061	BCL2 D103V	protein	False
3058	BCL2 D103Y	protein	False
3380	CDKN2A D108H	protein	False
3288	CDKN2A D108N	protein	False
2791	CDKN2A D108Y	protein	False
4015	PLCG2 D1140E	protein	False
1813	NC_000003.11:g.10188219A>G	genomic	True
2154	NC_000003.11:g.10188218G>C	genomic	False
2446	NC_000003.11:g.10188218delG	genomic	False
3133	3-10188218-G-A	genomic	False
649	MET D1228N	protein	True
798	MET D1228V	protein	True
2554	NC_000003.11:g.10188234A>G	genomic	False
2533	NC_000003.11:g.10188233G>A	genomic	False
2053	NC_000003.11:g.10188233G>T	genomic	False
2935	PRPS1 D139G	protein	True
3349	SPOP D140G	protein	False
3040	3-10188286-C-T	genomic	False
3553	PTEN D162G	protein	False
135	NOTCH1 D1642H	protein	True
1168	ATM D1682H	protein	True
2196	DICER1 D1709E	protein	True
2195	DICER1 D1709G	protein	True
2051	DICER1 D1709N	protein	True
3802	TSC2 D1734E	protein	False
3980	BRCA1 D1739G	protein	False
3981	BRCA1 D1739V	protein	False
3123	NC_000003.11:g.10191542G>A	genomic	False
2197	DICER1 D1810H	protein	False
2199	DICER1 D1810N	protein	False
2198	DICER1 D1810Y	protein	False
2920	PRPS1 D183E	protein	True
2933	PRPS1 D183H	protein	False
2579	NC_000007.13:g.50450370del	genomic	False
1160	ATM D1930V	protein	True
634	STK11 D194E	protein	True
2141	NC_000003.11:g.10191596del	genomic	True
2105	NC_000003.11:g.10191596G>A	genomic	False
806	RUNX1 D198Y	protein	True
2126	NC_000003.11:g.10191599_10191600del	genomic	False
1641	ROS1 D2033N	protein	False
3401	TP53 D259V	protein	True
3610	BRCA2 D2611G	protein	False
3625	BRCA2 D2723A	protein	False
3631	BRCA2 D2723G	protein	False
3639	BRCA2 D2723H	protein	False
1044	TP53 D281E	protein	True
1045	TP53 D281G	protein	False
3792	TP53 D281N	protein	True
4146	TP53 D281Y	protein	False
3495	ERBB3 D297Y	protein	False
650	CASP8 D302H	protein	True
3611	BRCA2 D3073G	protein	False
661	BRCA2 D3095E	protein	True
4222	AKT1 D323G	protein	False
3256	CTNNB1 D32Y	protein	False
1653	PIK3CA D350G	protein	True
3338	PIK3CA D350N	protein	False
2852	SMAD4 D351H	protein	False
2995	TP53BP1 D353E	protein	False
1606	ABL1 D363Y	protein	False
240	NT5C2 D407A	protein	True
855	KIT D419del	protein	False
2468	PRKCB D427N	protein	True
1560	SMO D473G	protein	False
299	SMO D473H	protein	True
1561	SMO D473Y	protein	False
3959	SMAD4 D493H	protein	False
2858	SMAD4 D537Y	protein	False
47	ESR1 D538G	protein	True
1399	PIK3CA D549N	protein	False
1547	KIT D579_H580insIDPTQLPYD	protein	False
977	KIT D579del	protein	True
4341	FLT3 D593del	protein	False
579	BRAF D594A	protein	True
2799	BRAF D594E	protein	False
611	BRAF D594G	protein	True
2832	BRAF D594H	protein	False
2398	BRAF D594K	protein	True
1107	BRAF D594N	protein	False
580	BRAF D594V	protein	True
3698	FGFR3 D617G	protein	False
2573	PTPN11 D61Y	protein	False
468	KDR D717V	protein	True
1013	EGFR D761N	protein	False
712	EGFR D761Y	protein	True
35	ERBB2 D769H	protein	True
36	ERBB2 D769Y	protein	True
1512	EGFR D770_N771insG	protein	True
1514	EGFR D770_N771insGL	protein	True
1566	EGFR D770_N771insGT	protein	True
1569	EGFR D770_N771insNPG	protein	True
1445	EGFR D770_N771insSVD	protein	True
2214	EGFR D770delinsGY	protein	True
1559	KIT D816E	protein	True
4419	KIT D816F	protein	False
1402	KIT D816G	protein	False
983	KIT D816H	protein	True
65	KIT D816V	protein	True
984	KIT D816Y	protein	False
1265	KIT D820A	protein	True
2736	KIT D820E	protein	False
1266	KIT D820G	protein	True
986	KIT D820Y	protein	True
1397	FLT3 D835E	protein	False
4340	FLT3 D835G	protein	False
612	FLT3 D835H	protein	True
3075	FLT3 D835I	protein	True
4339	FLT3 D835N	protein	False
1302	FLT3 D835V	protein	True
3011	FLT3 D835Y	protein	True
3167	FLT3 D839A	protein	False
3160	FLT3 D839G	protein	False
3169	FLT3 D839H	protein	False
3168	FLT3 D839N	protein	False
98	PDGFRA D842I	protein	True
99	PDGFRA D842V	protein	True
100	PDGFRA D842Y	protein	True
102	PDGFRA D842_I843delinsVM	protein	True
1518	PDGFRA D842_M844del	protein	False
3374	CDKN2A D84G	protein	False
3334	CDKN2A D84H	protein	False
3285	CDKN2A D84N	protein	False
3375	CDKN2A D84V	protein	False
3333	CDKN2A D84Y	protein	False
2574	SETBP1 D868N	protein	False
3538	PTEN D92A	protein	False
3539	PTEN D92E	protein	False
3540	PTEN D92G	protein	False
2449	NC_000003.11:g.10183806A>G	genomic	True
3541	PTEN D92H	protein	False
3542	PTEN D92V	protein	False
3293	PIK3CA D939G	protein	False
2414	MAP2K1 E102_I103delEI	protein	False
3290	PIK3CB E1051K	protein	False
3464	EGFR E114K	protein	False
566	MAP2K7 E116K	protein	True
4329	ALK E1210K	protein	False
1694	NC_000003.11:g.10183567G>C	genomic	False
1884	NC_000003.11:g.10188257G>T	genomic	False
2524	NC_000003.12:g.10146575_10146601del	genomic	False
2245	NC_000003.11:g.10191485G>T	genomic	False
1919	NC_000003.11:g.10191486_10191487delAG	genomic	True
2502	NC_000003.11:g.10191486A>T	genomic	False
2098	NC_000003.12:g.10149800del	genomic	True
2527	NC_000003.11:g.10191487delG	genomic	False
2050	DICER1 E1705K	protein	True
1976	NC_000003.11:g.10191524G>T	genomic	False
544	MTOR E1799K	protein	True
4	AKT1 E17K	protein	True
1227	AKT3 E17K	protein	True
3585	TP53 E180K	protein	False
2200	DICER1 E1813G	protein	False
2201	DICER1 E1813K	protein	False
2052	DICER1 E1813Q	protein	True
1777	NC_000003.11:g.10191563G>T	genomic	True
1778	NC_000003.11:g.10191563G>A	genomic	True
1829	NC_000003.11:g.10191565_10191567del	genomic	False
1869	NC_000003.11:g.10191572del	genomic	True
572	MTOR E2014K	protein	True
1626	MAP2K1 E203K	protein	False
1162	ATM E2187*	protein	True
3780	TP53 E224K	protein	True
4427	MTOR E2419K	protein	True
3	ABL1 E255K	protein	True
1601	ABL1 E258D	protein	False
3772	TP53 E258K	protein	True
1552	MAPK1 E278E	protein	False
1603	ABL1 E281K	protein	False
1043	TP53 E285K	protein	False
3462	TP53 E285V	protein	False
915	TP53 E286K	protein	True
3621	BRCA2 E3002K	protein	False
3496	ERBB4 E317K	protein	False
320	MAPK1 E322K	protein	True
2853	SMAD4 E330A	protein	False
3521	SMAD4 E330K	protein	False
1648	POLD1 E374K	protein	True
1674	ESR1 E380Q	protein	False
691	ERRFI1 E384*	protein	True
3336	PIK3CA E39K	protein	False
4306	KLF5 E419K	protein	True
4307	KLF5 E419Q	protein	True
1619	ABL1 E450A	protein	False
1496	ABL1 E450G	protein	False
1617	ABL1 E450K	protein	False
1620	ABL1 E453V	protein	False
1621	ABL1 E459G	protein	False
1733	NC_000003.11:g.10183667G>T	genomic	True
3692	FGFR3 E466K	protein	False
3343	SPOP E47K	protein	False
3682	JAK1 E483D	protein	False
773	MSH2 E483G	protein	True
3345	SPOP E50K	protein	False
2282	DROSHA E518K	protein	False
2466	NC_000003.11:g.10183685G>T	genomic	False
1734	NC_000003.11:g.10183685G>A	genomic	True
103	PIK3CA E542K	protein	True
933	PIK3CA E542Q	protein	False
882	PIK3CA E545A	protein	False
934	PIK3CA E545D	protein	False
883	PIK3CA E545G	protein	True
104	PIK3CA E545K	protein	True
881	PIK3CA E545Q	protein	True
884	PIK3CA E545V	protein	False
2709	PIK3CA E545X	protein	False
1736	NC_000003.11:g.10183694G>T	genomic	True
955	KIT E554D	protein	False
794	NC_000003.11:g.10183696G>A	genomic	True
764	NC_000003.11:g.10183694_10183695del	genomic	True
766	NC_000003.11:g.10183694del	genomic	True
3449	BRAF E585K	protein	False
1631	FLT3 E588_Y589INSKYFYVDFRE	protein	False
4106	TP53 E68G	protein	True
1834	NC_000003.11:g.10183739G>T	genomic	True
1412	EGFR E709K	protein	False
1413	EGFR E709Q	protein	False
1956	NC_000003.11:g.10183739G>A	genomic	True
1572	EGFR E734Q	protein	True
724	EGFR E746G	protein	True
1431	EGFR E746K	protein	False
1005	EGFR E746V	protein	False
1002	EGFR E746_A750del	protein	True
1009	EGFR E746_S752delinsD	protein	False
4280	EGFR E746_S752insV	protein	False
1004	EGFR E746_T751delinsA	protein	False
1214	EGFR E746_T751delinsVA	protein	False
3754	BACH2 E788K	protein	False
4476	TET2 E796K	protein	False
3504	ERCC2 E79D	protein	False
4320	NFE2L2 E79K	protein	False
3960	NFE2L2 E79Q	protein	False
1500	PIK3CA E81K	protein	True
3430	NFE2L2 E82D	protein	False
4107	SOS1 E846K	protein	False
1482	EGFR E868G	protein	True
3505	ERCC2 E86Q	protein	False
1390	EGFR E884K	protein	False
3332	CDKN2A E88K	protein	False
3537	PTEN E91A	protein	False
1794	NC_000003.11:g.10183811G>T	genomic	True
2127	NC_000003.11:g.10183810del	genomic	True
2173	NC_000003.11:g.10183811G>A	genomic	False
1158	ATM F1025L	protein	True
3082	BCL2 F104I	protein	True
3028	BCL2 F104L	protein	False
3027	BCL2 F104S	protein	False
1492	ALK F1174C	protein	False
8	ALK F1174L	protein	True
1505	ALK F1174V	protein	False
2475	NC_000003.11:g.10188212T>C	genomic	False
1743	NC_000003.11:g.10188214C>G	genomic	True
2119	NC_000003.11:g.10188213T>C	genomic	False
1945	NC_000003.11:g.10188211_10188212del	genomic	False
549	ALK F1245C	protein	True
1295	ALK F1245V	protein	True
1814	NC_000003.11:g.10188264T>G	genomic	True
1801	NC_000003.11:g.10188264T>C	genomic	True
1174	NOTCH1 F1592C	protein	False
1127	NOTCH1 F1592S	protein	False
2714	MTOR F1888L	protein	False
470	MTOR F2108L	protein	True
2285	CRLF2 F232C	protein	False
2802	BRAF F247L	protein	False
1053	TP53 F270S	protein	True
1164	ATM F2732V	protein	True
1507	ABL1 F311I	protein	True
1028	ABL1 F317L	protein	True
1525	ABL1 F317V	protein	True
2063	STK11 F354L	protein	False
3516	FGFR3 F384L	protein	False
2616	EGFR F404I	protein	False
2617	EGFR F404V	protein	False
1538	ABL1 F486Y	protein	False
3240	KIT F504A	protein	False
1270	MAP2K1 F53L	protein	False
2839	MAP2K1 F53Y	protein	False
4223	AKT1 F55Y	protein	False
1398	MAP2K2 F57C	protein	False
1121	BRAF F595L	protein	False
3468	NTRK3 F617L	protein	True
3071	FLT3 F691L	protein	True
2587	JAK2 F694L	protein	True
1749	NC_000003.11:g.10183757T>A	genomic	False
2107	NC_000003.11:g.10183759C>G	genomic	False
1835	NC_000003.11:g.10183758T>C	genomic	True
2088	NC_000003.11:g.10183758_10183760del	genomic	True
1926	NC_000003.11:g.10183758_10183760delTCT	genomic	False
3593	RIT1 F82L	protein	False
1881	ATM F858L	protein	False
175	AR F877L	protein	True
3536	PTEN F90L	protein	False
2294	NC_000003.11:g.10183804C>G	genomic	True
3667	PIK3CA F930S	protein	True
3437	PIK3CA G1007R	protein	False
3026	BCL2 G101A	protein	False
2960	BCL2 G101V	protein	True
1501	PIK3CA G1049A	protein	False
940	PIK3CA G1049R	protein	True
939	PIK3CA G1049S	protein	False
2293	NC_000003.11:g.10183843C>G	genomic	True
2043	NC_000003.11:g.10183842G>C	genomic	True
2428	NC_000003.11:g.10183842G>T	genomic	True
3341	KRAS G10_A11insG	protein	True
1673	ERBB4 G1109C	protein	False
2798	ALK G1128A	protein	False
1797	NC_000003.11:g.10183871G>T	genomic	True
1857	NC_000003.11:g.10183871G>C	genomic	True
2026	NC_000003.11:g.10183871G>A	genomic	True
2491	NC_000003.11:g.10188198G>T	genomic	False
171	ALK G1202R	protein	True
2813	ALK G1202del	protein	False
308	ALK G1269A	protein	True
4334	ALK G1269S	protein	False
3549	PTEN G127E	protein	False
2555	NC_000003.11:g.10188238delG	genomic	False
2835	MAP2K1 G128V	protein	False
3563	PTEN G129E	protein	False
3562	PTEN G129R	protein	False
3561	PTEN G129V	protein	False
148	KRAS G12A	protein	True
78	KRAS G12C	protein	True
897	NRAS G12C	protein	True
79	KRAS G12D	protein	True
878	NRAS G12D	protein	True
1387	HRAS G12D	protein	False
530	KRAS G12R	protein	True
898	NRAS G12S	protein	False
913	KRAS G12S	protein	True
425	KRAS G12V	protein	True
1175	NRAS G12V	protein	False
1394	HRAS G12V	protein	False
2873	MAP2K2 G132D	protein	False
2874	MAP2K2 G132S	protein	False
895	NRAS G13C	protein	False
911	KRAS G13C	protein	False
81	KRAS G13D	protein	True
93	NRAS G13D	protein	True
274	HRAS G13D	protein	True
896	NRAS G13R	protein	True
1393	HRAS G13R	protein	False
1395	KRAS G13R	protein	False
1396	KRAS G13S	protein	False
1317	NRAS G13V	protein	False
1489	HRAS G13V	protein	False
1517	KRAS G13V	protein	True
1850	NC_000003.11:g.10188287G>T	genomic	True
2290	3-10188288-G-A	genomic	True
2059	NC_000003.11:g.10188287G>A	genomic	False
3197	3-10188287-G-C	genomic	False
3247	NC_000003.12:g.10146602_10146612del	genomic	True
2560	NC_000003.11:g.10188288delG	genomic	False
2676	EP300 G1506V	protein	False
3419	TP53 G154S	protein	False
3559	PTEN G165E	protein	False
3560	PTEN G165V	protein	False
3973	BRCA1 G1706A	protein	False
3972	BRCA1 G1706E	protein	False
2922	PRPS1 G174E	protein	False
3993	BRCA1 G1770V	protein	False
1271	ROS1 G2032R	protein	True
1060	TP53 G244S	protein	True
3397	TP53 G244V	protein	False
1036	TP53 G245D	protein	True
879	TP53 G245S	protein	True
3331	LZTR1 G248R	protein	False
2279	CRLF2 G24R	protein	False
1599	ABL1 G250V	protein	False
3523	SMAD4 G252*	protein	False
141	DDR2 G253C	protein	True
3615	BRCA2 G2585R	protein	False
3628	BRCA2 G2609D	protein	False
4144	TP53 G262C	protein	False
3773	TP53 G262D	protein	True
3774	TP53 G266E	protein	True
1055	TP53 G266R	protein	True
4122	TP53 G266V	protein	True
2838	MAP2K1 G276W	protein	False
3613	BRCA2 G2793E	protein	False
3616	BRCA2 G2793R	protein	False
3791	TP53 G279E	protein	True
703	ERBB3 G284R	protein	True
3623	BRCA2 G3076E	protein	False
3620	BRCA2 G3076V	protein	False
38	ERBB2 G309A	protein	True
3457	NFE2L2 G31A	protein	True
2283	ACVR1 G328E	protein	True
1686	ACVR1 G328V	protein	True
2280	ACVR1 G328W	protein	True
1657	ABL1 G340L	protein	True
3492	CTNNB1 G34E	protein	False
3253	CTNNB1 G34R	protein	False
3379	H3-3A G34R	protein	True
2576	CTNNB1 G34V	protein	False
3378	H3-3A G34V	protein	False
2421	H3-3A G34W	protein	True
3662	ACVR1 G356D	protein	True
2788	PIK3CA G363A	protein	False
3286	PTEN G36R	protein	False
2406	FGFR3 G370C	protein	True
3381	PIK3R2 G373R	protein	True
2405	FGFR3 G380R	protein	True
3522	SMAD4 G386D	protein	False
1737	NC_000003.11:g.10183645del	genomic	False
3520	SMAD4 G419V	protein	False
3432	BRAF G463E	protein	True
3442	BRAF G463V	protein	False
1106	BRAF G464V	protein	True
2603	EGFR G465E	protein	False
443	EGFR G465R	protein	True
2604	EGFR G465V	protein	False
1196	BRAF G466A	protein	False
2792	BRAF G466E	protein	False
2222	BRAF G466V	protein	True
992	BRAF G469A	protein	True
993	BRAF G469E	protein	True
840	BRAF G469R	protein	False
3425	BRAF G469S	protein	False
841	BRAF G469V	protein	False
2221	BRAF G496A	protein	True
1584	SMO G497W	protein	False
142	DDR2 G505S	protein	True
1624	ABL1 G514S	protein	False
4007	DDX41 G530D	protein	False
1678	FBXW7 G579W	protein	False
2823	BRAF G593D	protein	False
2690	NTRK1 G595R	protein	False
694	BRAF G596C	protein	True
1627	BRAF G596R	protein	True
1650	BRAF G596V	protein	False
997	EGFR G598V	protein	True
2223	BRAF G606E	protein	True
2855	NTRK3 G623E	protein	False
2691	NTRK3 G623R	protein	False
3215	FGFR4 G636C	protein	False
3699	FGFR3 G637W	protein	False
3488	EGFR G63R	protein	False
759	MLH1 G65D	protein	True
757	MLH1 G67R	protein	True
1692	FGFR3 G691R	protein	False
4030	FGFR3 G697C	protein	False
2817	FLT3 G697R	protein	False
3212	FLT3 G697S	protein	False
999	EGFR G719A	protein	True
1420	EGFR G719D	protein	True
134	EGFR G719S	protein	True
317	EGFR G724S	protein	True
3346	SPOP G75R	protein	False
144	DDR2 G774V	protein	True
816	ERBB2 G776L	protein	True
4470	ERBB2 G776V	protein	False
3649	KDR G800D	protein	False
3650	KDR G800R	protein	False
3226	RET G810C	protein	False
1016	EGFR G810S	protein	False
3227	RET G810S	protein	False
3651	KDR G843D	protein	False
772	HOXB13 G84E	protein	True
865	PDGFRA G853D	protein	True
351	SETBP1 G870S	protein	True
2008	NC_000003.11:g.10183808G>T	genomic	True
1858	NC_000003.11:g.10183809G>A	genomic	False
1920	NC_000003.11:g.10183808G>C	genomic	True
1859	NC_000003.11:g.10183808G>A	genomic	True
2009	NC_000003.11:g.10183809G>T	genomic	True
1151	PIK3CA H1047L	protein	True
107	PIK3CA H1047R	protein	True
2710	PIK3CA H1047X	protein	True
938	PIK3CA H1047Y	protein	False
2957	MET H1094L	protein	False
2463	NC_000003.11:g.10183860A>C	genomic	False
2516	NC_000003.11:g.10183860del	genomic	False
2520	NC_000003.11:g.10188200delC	genomic	False
1885	NC_000003.11:g.10188201A>C	genomic	True
1742	NC_000003.11:g.10188202C>A	genomic	True
1957	NC_000003.11:g.10188202C>G	genomic	True
2000	NC_000003.11:g.10188201A>G	genomic	True
4112	TP53 H115Y	protein	True
1921	NC_000003.11:g.10188200C>T	genomic	True
2057	NC_000003.11:g.10188201del	genomic	True
3546	PTEN H123D	protein	False
2872	MAP2K2 H123Q	protein	False
2060	NC_000003.11:g.10188231A>C	genomic	False
3122	NC_000003.11:g.10188230C>T	genomic	False
3803	SMAD4 H132Y	protein	False
456	FCGR2A H167R	protein	True
3963	BRCA1 H1686Q	protein	False
3962	BRCA1 H1686R	protein	False
4138	TP53 H168Q	protein	False
4137	TP53 H168R	protein	False
3783	TP53 H168Y	protein	True
4103	TP53 H178P	protein	True
1082	TP53 H179R	protein	True
1083	TP53 H179Y	protein	True
3996	BRCA1 H1862L	protein	False
2425	NC_000003.11:g.10191578C>G	genomic	False
1958	NC_000003.11:g.10191578del	genomic	True
4119	TP53 H193L	protein	False
283	MTOR H1968Y	protein	True
1595	ABL1 H201L	protein	False
4335	TP53 H214R	protein	False
1446	EGFR H773_V774insH	protein	True
1513	EGFR H773_V774insNPH	protein	True
864	PDGFRA H845Y	protein	True
874	ERBB2 H878Y	protein	True
3529	PTEN H93D	protein	False
3530	PTEN H93Q	protein	False
3340	PTEN H93R	protein	False
3531	PTEN H93Y	protein	False
4323	CBL H94Y	protein	False
259	GSTP1 I105V	protein	True
1922	NC_000003.11:g.10183857del	genomic	False
263	ABCB1 I1145I	protein	True
588	ALK I1171N	protein	True
589	ALK I1171S	protein	True
3371	ALK I1171T	protein	True
3545	PTEN I122S	protein	False
2291	NC_000003.11:g.10188297T>C	genomic	False
2038	NC_000003.11:g.10188296A>G	genomic	False
2150	NC_000003.11:g.10188308A>T	genomic	True
2030	NC_000003.11:g.10188310C>G	genomic	True
2476	3-10188309-T-A	genomic	False
2250	NC_000003.11:g.10188309T>G	genomic	False
1871	NC_000003.11:g.10188309T>C	genomic	True
787	CHEK2 I157T	protein	True
3768	TP53 I162F	protein	True
3555	PTEN I168F	protein	False
2246	NC_000003.11:g.10191546T>A	genomic	False
3012	NC_000003.11:g.10191546T>C	genomic	False
1807	NC_000003.11:g.10191545A>G	genomic	True
2329	NC_000003.12:g.10149938delinsAA	genomic	False
458	FCGR2B I232T	protein	True
1598	ABL1 I242T	protein	False
3758	U2AF1 I24T	protein	False
3630	BRCA2 I2627F	protein	False
3255	CTNNB1 I35K	protein	False
1235	PIK3CA I391M	protein	True
1585	SMO I408V	protein	False
1615	ABL1 I418S	protein	False
1614	ABL1 I418V	protein	False
2599	EGFR I462K	protein	False
2600	EGFR I462R	protein	False
2608	EGFR I491K	protein	False
2609	EGFR I491R	protein	False
4022	FGFR3 I538F	protein	False
143	DDR2 I638F	protein	True
2677	ERBB2 I654V	protein	False
758	MLH1 I68S	protein	True
2937	PRPS1 I72V	protein	True
2259	EGFR I744_K745insKIPVAI	protein	False
3146	3-10183755-T-G	genomic	False
3664	ERBB2 I767M	protein	False
3572	FLT3 I836S	protein	False
3573	FLT3 I836T	protein	False
101	PDGFRA I843DEL	protein	True
755	MSH6 I972F	protein	False
1234	PIK3CA K111N	protein	True
1120	KRAS K117N	protein	False
3584	TP53 K120E	protein	False
3596	TP53 K120R	protein	False
3548	PTEN K125E	protein	False
3564	PTEN K128N	protein	False
3764	TP53 K139E	protein	True
1862	NC_000003.11:g.10191482A>G	genomic	False
770	MSH2 K172*	protein	True
2921	PRPS1 K176N	protein	True
1913	NC_000003.11:g.10191593A>T	genomic	True
2147	NC_000003.11:g.10191593A>G	genomic	False
2416	H3-3A K28M	protein	True
1155	ATM K293*	protein	True
3402	TP53 K305M	protein	False
4147	TP53 K305N	protein	False
2871	BRCA2 K3326*	protein	True
239	NT5C2 K359Q	protein	True
3745	CTCF K365T	protein	True
3440	KLF4 K409Q	protein	False
2775	BRAF K439Q	protein	False
2776	BRAF K439T	protein	False
2605	EGFR K467N	protein	False
455	EGFR K467T	protein	True
581	BRAF K483M	protein	True
2622	KIT K484_G487DEL	protein	True
2607	EGFR K489E	protein	False
2606	EGFR K489Q	protein	False
949	KIT K550_K558del	protein	True
948	KIT K550_W557del	protein	True
963	KIT K558Q	protein	False
965	KIT K558R	protein	False
964	KIT K558_V559del	protein	True
1549	KIT K558delinsNP	protein	True
1272	MAP2K1 K57N	protein	True
824	MAP2K1 K57T	protein	False
584	BRAF K601E	protein	True
733	MLH1 K618DEL	protein	True
978	KIT K642E	protein	True
2592	KIT K642R	protein	False
4024	FGFR3 K650D	protein	True
1400	FGFR3 K650E	protein	True
4025	FGFR3 K650L	protein	True
4013	FGFR3 K650M	protein	True
3695	FGFR3 K650N	protein	True
4019	FGFR3 K650Q	protein	True
4021	FGFR3 K650T	protein	False
2947	FGFR2 K660E	protein	False
3166	FLT3 K663Q	protein	False
114	SF3B1 K666N	protein	True
565	SF3B1 K700E	protein	True
3490	EGFR K708R	protein	False
1638	EGFR K745_E749delKELRE	protein	False
264	ERCC2 K751Q	protein	True
1312	ERBB2 K753E	protein	False
4409	EGFR K754E	protein	True
4319	SMARCA2 K755R	protein	True
1314	ERBB2 K755S	protein	False
723	EGFR K757R	protein	True
1895	EGFR K806E	protein	True
802	RUNX1 K83E	protein	True
3666	PIK3CA K944N	protein	True
3669	PIK3CA K966E	protein	True
1838	NC_000003.11:g.10183832_10183833delinsGG	genomic	True
1860	NC_000003.11:g.10183833T>G	genomic	False
4111	TP53 L111R	protein	True
1554	ALK L1152P	protein	False
307	ALK L1152R	protein	True
4332	ALK L1152V	protein	False
1820	NC_000003.11:g.10188203C>G	genomic	True
1798	NC_000003.11:g.10188210T>C	genomic	True
1822	NC_000003.11:g.10188210T>G	genomic	False
1841	NC_000003.11:g.10188209_10188210insA	genomic	True
4324	ALK L1196M	protein	True
1553	ALK L1196Q	protein	False
1275	ALK L1198F	protein	True
1556	ALK L1198P	protein	False
3031	BCL2 L119V	protein	False
3032	MYOD1 L122R	protein	True
2168	RAD50 L1237F	protein	True
1851	NC_000003.11:g.10188238_10188239delinsTT	genomic	False
3066	3-10188239-C-T	genomic	True
2157	NC_000003.11:g.10188240T>C	genomic	False
1886	NC_000003.11:g.10188240T>G	genomic	True
3068	NC_000003.11:g.10188238del	genomic	False
2508	NC_000003.11:g.10188243T>C	genomic	True
3660	CYSLTR2 L129Q	protein	False
1099	TP53 L130V	protein	False
3078	VHL L135*	protein	False
1769	NC_000003.11:g.10188261T>A	genomic	True
1906	NC_000003.11:g.10188261del	genomic	True
4273	BRCA1 L1407P	protein	False
2559	NC_000003.11:g.10188276delT	genomic	False
1923	NC_000003.11:g.10188315T>C	genomic	True
1032	NOTCH1 L1574P	protein	False
1145	NOTCH1 L1574Q	protein	False
1142	NOTCH1 L1585R	protein	False
1738	NC_000003.11:g.10191480T>C	genomic	True
2467	NC_000003.11:g.10191480T>A	genomic	False
1803	NC_000003.11:g.10191479C>G	genomic	True
4449	ERBB2 L15F	protein	False
1031	NOTCH1 L1600P	protein	False
1140	NOTCH1 L1600Q	protein	False
2505	NC_000003.11:g.10191494C>T	genomic	False
2033	NC_000003.11:g.10191495T>A	genomic	True
3198	NC_000003.11:g.10191494C>A	genomic	False
2478	NC_000003.11:g.10191495T>C	genomic	False
2563	NC_000003.11:g.10191495delT	genomic	False
1034	NOTCH1 L1678P	protein	False
3097	NC_000003.11:g.10191512C>T	genomic	False
1887	NC_000003.11:g.10191513T>C	genomic	True
2326	NC_000003.12:g.10149828_10149833del	genomic	False
3335	CDKN2A L16P	protein	False
2675	MSH2 L173P	protein	False
3982	BRCA1 L1764P	protein	False
1748	NC_000003.11:g.10191540T>C	genomic	True
1997	NC_000003.11:g.10191540T>A	genomic	True
1888	NC_000003.11:g.10191540T>G	genomic	True
2070	NC_000003.11:g.10191558T>A	genomic	False
1776	NC_000003.11:g.10191558T>C	genomic	True
1808	NC_000003.11:g.10191558T>G	genomic	True
1852	NC_000003.11:g.10191570T>C	genomic	True
1861	NC_000003.11:g.10191570T>A	genomic	True
1924	NC_000003.11:g.10191570T>G	genomic	True
1836	NC_000003.11:g.10191569C>G	genomic	True
2139	NC_000003.11:g.10191569del	genomic	True
1828	NC_000003.11:g.10191570del	genomic	False
2919	PRPS1 L191F	protein	True
1078	TP53 L194P	protein	False
3392	TP53 L194R	protein	False
2501	NC_000003.11:g.10191600T>C	genomic	False
2010	NC_000003.11:g.10191600T>A	genomic	True
2247	NC_000003.11:g.10191600T>G	genomic	False
2543	NC_000003.11:g.10191599del	genomic	False
2716	MTOR L2230V	protein	False
140	DDR2 L239R	protein	True
1163	ATM L2427P	protein	True
3414	MTOR L2427Q	protein	False
3755	BACH2 L24P	protein	False
3624	BRCA2 L2510P	protein	False
3771	TP53 L252F	protein	True
3801	TP53 L257P	protein	True
3640	BRCA2 L2647P	protein	False
3642	BRCA2 L2653P	protein	False
3612	BRCA2 L2654P	protein	False
3638	BRCA2 L2688P	protein	False
1602	ABL1 L273M	protein	False
3617	BRCA2 L2792P	protein	False
1506	ABL1 L298V	protein	True
3643	PIM1 L2V	protein	True
4125	TP53 L305M	protein	False
3775	TP53 L308M	protein	True
4322	NFE2L2 L30F	protein	False
3776	TP53 L323P	protein	True
3580	TP53 L330P	protein	True
3581	TP53 L330R	protein	True
3583	TP53 L344P	protein	True
1570	SMO L412F	protein	True
4313	POLE L424I	protein	False
4158	POLE L424V	protein	False
2842	MAP2K2 L46F	protein	False
2804	BRAF L485F	protein	False
658	BRAF L505H	protein	True
2793	BRAF L525R	protein	False
1191	AKT1 L52R	protein	False
46	ESR1 L536Q	protein	True
1675	ESR1 L536R	protein	False
72	KIT L576P	protein	True
3705	AR L57Q	protein	False
3451	BRAF L596V	protein	False
583	BRAF L597Q	protein	True
288	BRAF L597R	protein	True
582	BRAF L597S	protein	True
585	BRAF L597V	protein	True
2401	FGFR3 L608V	protein	False
1944	NC_000003.11:g.10183719T>C	genomic	False
139	DDR2 L63V	protein	True
2999	EGFR L718Q	protein	False
3000	EGFR L718V	protein	False
1891	EGFR L747P	protein	True
1006	EGFR L747_A750delinsP	protein	False
1012	EGFR L747_P753delinsS	protein	True
890	EGFR L747_S752del	protein	False
1580	EGFR L747_S752delinsQ	protein	True
1007	EGFR L747_T751delLREAT	protein	False
1010	EGFR L747_T751delinsP	protein	False
1008	EGFR L747_T751delinsQ	protein	False
1313	ERBB2 L753E	protein	False
1304	ERBB2 L755P	protein	False
39	ERBB2 L755S	protein	True
40	ERBB2 L755W	protein	True
37	ERBB2 L755_T759del	protein	True
1308	ERBB2 L768S	protein	False
4477	BAX L76R	protein	False
3004	EGFR L792H	protein	False
1457	EGFR L838P	protein	True
1018	EGFR L838V	protein	True
3648	KDR L840F	protein	False
1473	EGFR L858Q	protein	False
33	EGFR L858R	protein	True
2020	NC_000003.11:g.10183785T>C	genomic	True
1020	EGFR L861Q	protein	True
1477	EGFR L861R	protein	True
496	ERBB2 L866M	protein	True
2330	ERBB2 L869R	protein	False
2308	NC_000003.11:g.10183797T>A	genomic	False
1793	NC_000003.11:g.10183797T>C	genomic	True
2549	3-10183797-T-G	genomic	False
3670	PIK3CA L938*	protein	True
937	PIK3CA M1043I	protein	False
2940	PRPS1 M115T	protein	True
3301	SPOP M117I	protein	False
3280	SPOP M117V	protein	False
3372	MET M1250T	protein	False
3966	BRCA1 M1628T	protein	False
3965	BRCA1 M1652I	protein	False
4401	BRCA1 M1775K	protein	False
4400	BRCA1 M1775R	protein	False
847	NC_000003.11:g.10183531_10183551del	genomic	True
848	NC_000003.11:g.10183534G>A	genomic	True
846	NC_000003.11:g.10183532_10183548del	genomic	True
1248	BRCA2 M1I	protein	True
747	MLH1 M1L	protein	True
2868	NC_000003.11:g.10191638A>C	genomic	False
609	MTOR M2327I	protein	True
1066	TP53 M237I	protein	True
1597	ABL1 M237V	protein	False
3396	TP53 M243T	protein	False
3398	TP53 M246A	protein	False
3789	TP53 M246L	protein	True
4105	TP53 M246R	protein	False
3399	TP53 M246T	protein	False
1610	ABL1 M388L	protein	False
1622	ABL1 M472I	protein	False
769	MLH1 M490T	protein	True
1288	JAK3 M511I	protein	False
3515	FGFR3 M528I	protein	False
201	KIT M541L	protein	True
2177	NC_000003.11:g.10183693G>C	genomic	False
829	NC_000003.11:g.10183693_10183697del	genomic	True
951	KIT M552_W557DEL	protein	False
3165	FLT3 M664I	protein	False
2745	EGFR M766Q	protein	False
1664	EGFR M766_A767insAI	protein	True
2213	EGFR M766_A767insASV	protein	True
818	ERBB2 M774DELINSWLV	protein	True
3588	RIT1 M90I	protein	False
113	RET M918T	protein	True
3438	PIK3CA N1044K	protein	False
2924	PRPS1 N114D	protein	False
2843	MAP2K2 N126D	protein	False
778	SLCO1B1 N130D	protein	True
1953	NC_000003.11:g.10188250C>A	genomic	True
2460	NC_000003.11:g.10188250C>G	genomic	False
2001	NC_000003.11:g.10188249A>G	genomic	True
2580	NC_000003.11:g.10188249A>C	genomic	True
1800	NC_000003.11:g.10188247_10188248del	genomic	True
1868	NC_000003.11:g.10188250_10188251delinsA	genomic	False
2317	NC_000003.11:g.10188277delC	genomic	False
2318	NC_000003.12:g.10146595_10146601del	genomic	False
1917	NC_000003.11:g.10188279_10188297del	genomic	False
2923	PRPS1 N144S	protein	True
2162	NC_000003.11:g.10188306A>G	genomic	True
2561	NC_000003.12:g.10146620del	genomic	True
1770	NC_000003.12:g.10146622del	genomic	True
3281	ERCC2 N238S	protein	False
3394	TP53 N239D	protein	False
3787	TP53 N239S	protein	True
3395	TP53 N239T	protein	False
244	ATM N2875H	protein	True
3641	BRCA2 N3124I	protein	False
930	PIK3CA N345K	protein	True
3679	ETV6 N385_R418del	protein	False
3681	JAK1 N451S	protein	False
2794	BRAF N486_P490del	protein	True
3237	KIT N505I	protein	False
3238	KIT N505R	protein	False
3216	FGFR4 N535K	protein	False
4028	FGFR3 N540D	protein	False
3693	FGFR3 N540K	protein	False
3694	FGFR3 N540S	protein	False
515	FGFR1 N546K	protein	True
2780	FGFR2 N549H	protein	False
545	FGFR2 N550K	protein	True
751	MLH1 N551T	protein	True
1652	PIK3R2 N561D	protein	True
4014	PLCG2 N571S	protein	False
3444	BRAF N580S	protein	False
1186	BRAF N581S	protein	True
3053	FLT3 N676K	protein	False
3304	EGFR N771_P772insL	protein	True
1662	EGFR N771delinsVH	protein	False
2112	NC_000003.11:g.10183763A>G	genomic	False
1754	NC_000003.11:g.10183763A>C	genomic	True
2037	NC_000003.11:g.10183764A>T	genomic	True
1755	NC_000003.11:g.10183764A>G	genomic	True
1756	NC_000003.11:g.10183764A>C	genomic	True
2113	NC_000003.11:g.10183763A>T	genomic	False
849	NC_000003.11:g.10183550A>G	genomic	True
987	KIT N822H	protein	True
1263	KIT N822K	protein	True
1188	EGFR N826S	protein	True
1896	EGFR N826Y	protein	True
3201	FLT3 N841I	protein	False
3213	FLT3 N841K	protein	False
3308	FLT3 N841T	protein	False
1899	EGFR N842S	protein	True
873	ERBB2 N857S	protein	True
2878	NC_000003.11:g.10183799A>C	genomic	False
2149	NC_000003.11:g.10183800A>T	genomic	False
3532	PTEN N94I	protein	False
2058	NC_000003.11:g.10183836del	genomic	True
1927	NC_000003.11:g.10183838C>G	genomic	False
1795	NC_000003.11:g.10183840_10183841del	genomic	True
2118	NC_000003.11:g.10183839C>T	genomic	False
2837	MAP2K1 P124L	protein	False
82	MAP2K1 P124S	protein	True
2866	3-10188271-A-G	genomic	False
2120	NC_000003.11:g.10188270C>T	genomic	False
2440	NC_000003.11:g.10188270C>G	genomic	True
734	MLH1 P138T	protein	True
761	MSH6 P138T	protein	True
1928	NC_000003.11:g.10188269C>A	genomic	True
1644	PXDNL P1460T	protein	False
2055	NC_000003.12:g.10146610del	genomic	True
3418	TP53 P151A	protein	False
1093	TP53 P151H	protein	True
3765	TP53 P151S	protein	True
3767	TP53 P152L	protein	True
3794	TP53 P152T	protein	True
1962	NC_000003.11:g.10188319A>C	genomic	True
1782	NC_000003.11:g.10188318C>T	genomic	True
2427	NC_000003.11:g.10188317C>T	genomic	False
1771	NC_000003.11:g.10188319del	genomic	True
3556	PTEN P169H	protein	False
2005	NC_000003.11:g.10191523del	genomic	False
3785	TP53 P177F	protein	True
3786	TP53 P177H	protein	True
3784	TP53 P177S	protein	True
3299	PPP2R1A P179R	protein	True
3997	BRCA1 P1812R	protein	False
402	NQO1 P187S	protein	True
4141	TP53 P190H	protein	False
1080	TP53 P190L	protein	False
2064	NC_000003.11:g.10191581C>T	genomic	False
1864	NC_000003.11:g.10191582del	genomic	False
813	ETV6 P214L	protein	False
4473	ARAF P216A	protein	False
3778	TP53 P219H	protein	True
284	MTOR P2213S	protein	True
3318	TP53 P250L	protein	True
2905	FGFR2 P253R	protein	True
850	NC_000003.11:g.10183605C>T	genomic	True
1218	ERBB3 P262H	protein	False
3005	TP53 P278A	protein	False
1049	TP53 P278S	protein	True
4315	POLE P286H	protein	False
1830	POLE P286R	protein	True
3570	CCND1 P287S	protein	False
3571	CCND1 P287T	protein	False
367	RAC1 P29S	protein	True
3266	KRAS P34R	protein	False
3289	CTCF P378L	protein	False
3602	ATXN7 P40Q	protein	False
2430	NC_000003.11:g.10183650C>G	genomic	False
1291	JAK1 P429S	protein	False
3603	ATXN7 P42_P43insP	protein	False
1616	ABL1 P441L	protein	False
3458	PIK3CA P447_L455del	protein	False
4478	AXIN2 P455K	protein	False
294	PIK3CA P471L	protein	True
504	TP53 P47S	protein	True
1623	ABL1 P480L	protein	False
3377	CDKN2A P48L	protein	False
2796	BRAF P490_Q494del	protein	False
1582	EGFR P546S	protein	False
950	KIT P551L	protein	False
1497	KIT P551_E554delPMYE	protein	True
976	KIT P577L	protein	False
862	PDGFRA P577S	protein	True
2738	KIT P577_D579DEL	protein	False
3489	EGFR P596L	protein	False
1930	NC_000003.11:g.10183706C>T	genomic	False
851	NC_000003.11:g.10183704_10183705insC	genomic	True
1929	NC_000003.11:g.10183707del	genomic	True
1931	NC_000003.11:g.10183714C>G	genomic	False
2145	NC_000003.11:g.10183713_10183716del	genomic	True
2180	TSPYL1 P62S	protein	False
2990	BRCA2 P655R	protein	False
531	TP53 P72R	protein	True
2224	BRAF P731T	protein	True
460	EGFR P753S	protein	True
2217	EGFR P772_H773insH	protein	False
1667	EGFR P772_H773insYNP	protein	True
1668	EGFR P772_V774insPHV	protein	True
2697	PAX5 P80R	protein	False
2084	NC_000003.11:g.10183773C>T	genomic	False
3644	PIM1 P81S	protein	True
1837	NC_000003.11:g.10183772C>T	genomic	True
3384	CDKN2A P81T	protein	False
1465	EGFR P848L	protein	False
1759	NC_000003.11:g.10183787C>G	genomic	True
2307	NC_000003.11:g.10183788C>A	genomic	False
1760	NC_000003.11:g.10183788C>T	genomic	True
1849	NC_000003.11:g.10183788C>G	genomic	True
1902	NC_000003.11:g.10183787C>T	genomic	True
1758	NC_000003.11:g.10183785_10183786insC	genomic	True
480	DNMT3A P904L	protein	False
3348	SPOP P94A	protein	False
4304	SRSF2 P95H	protein	True
3533	PTEN P95L	protein	False
4303	SRSF2 P95L	protein	True
2117	NC_000003.11:g.10183815C>G	genomic	False
3534	PTEN P96Q	protein	False
2128	NC_000003.11:g.10183822C>G	genomic	False
2069	NC_000003.11:g.10183821C>T	genomic	False
3761	TP53 P98L	protein	True
3760	TP53 P98S	protein	True
3302	TYK2 Pro1104Ala	protein	False
1159	ATM Q1084*	protein	False
469	TSC2 Q1178*	protein	True
1994	NC_000003.11:g.10188251C>T	genomic	True
1882	3-10188252-A-C	genomic	False
2125	NC_000003.11:g.10188252A>C	genomic	True
260	ABCG2 Q141K	protein	True
3777	TP53 Q144P	protein	True
4132	TP53 Q144Q	protein	False
1883	NC_000003.11:g.10188290C>T	genomic	True
1781	NC_000003.11:g.10188292_10188293delGC	genomic	False
1246	BRCA1 Q1467*	protein	True
753	MLH1 Q149*	protein	True
1845	NC_000003.11:g.10191497C>T	genomic	True
1943	3-10191499-G-C	genomic	False
2880	NC_000003.11:g.10191499G>T	genomic	False
2079	NC_000003.11:g.10191498A>T	genomic	True
1856	NC_000003.11:g.10191498A>G	genomic	True
4135	TP53 Q167R	protein	False
1654	NRAS Q179X	protein	True
1593	PTCH1 Q17X	protein	False
1810	NC_000003.11:g.10191590C>T	genomic	True
4413	GNA11 Q209L	protein	True
604	GNAQ Q209P	protein	True
479	KRAS Q22*	protein	True
1520	MTOR Q2223K	protein	False
3601	ATXN7 Q30R	protein	False
261	XRCC1 Q399R	protein	True
3600	ATXN7 Q39P	protein	False
3590	RIT1 Q40L	protein	False
1510	ARID1A Q456*	protein	True
1564	SMO Q477E	protein	False
614	JAK1 Q503*	protein	True
3663	BRAF Q524L	protein	False
886	PIK3CA Q546E	protein	False
885	PIK3CA Q546K	protein	True
887	PIK3CA Q546P	protein	False
888	PIK3CA Q546R	protein	False
1541	KIT Q556_I571DEL	protein	False
83	MAP2K1 Q56P	protein	True
655	MAP2K1 Q56_V60del	protein	True
975	KIT Q575L	protein	False
1104	KRAS Q61E	protein	False
893	NRAS Q61H	protein	True
907	KRAS Q61H	protein	True
427	NRAS Q61K	protein	True
910	KRAS Q61K	protein	True
1392	HRAS Q61K	protein	False
95	NRAS Q61L	protein	True
854	HRAS Q61L	protein	False
908	KRAS Q61L	protein	True
1103	KRAS Q61P	protein	False
96	NRAS Q61R	protein	True
909	KRAS Q61R	protein	True
1391	HRAS Q61R	protein	False
981	KIT Q694K	protein	False
3576	ERBB2 Q709L	protein	False
3433	RRAS2 Q72L	protein	False
1752	NC_000003.11:g.10183748C>T	genomic	True
2041	NC_000003.11:g.10183748del	genomic	True
1592	PTCH1 Q787X	protein	False
169	AKT1 Q79K	protein	True
3589	RIT1 Q79L	protein	False
1848	NC_000003.11:g.10183817C>T	genomic	True
1818	NC_000003.11:g.10183818A>C	genomic	False
3246	NC_000003.12:g.10142135_10142137del	genomic	True
1157	ATM Q984E	protein	False
741	MLH1 R100*	protein	True
2774	MET R1004G	protein	True
3653	KDR R1022Q	protein	False
1594	PIK3CA R1023Q	protein	False
3350	KDR R1032Q	protein	True
702	ERBB3 R103G	protein	True
714	TSC1 R1062W	protein	True
2007	NC_000003.11:g.10183850C>G	genomic	True
2044	NC_000003.11:g.10183851G>A	genomic	True
1840	NC_000003.11:g.10183851G>C	genomic	True
994	EGFR R108K	protein	True
3282	TP53 R110L	protein	False
1796	NC_000003.11:g.10183868C>T	genomic	True
2143	NC_000003.11:g.10183868delC	genomic	True
4318	SMARCA2 R1159Q	protein	True
1661	ALK R1192P	protein	False
2877	3-10188215-A-T	genomic	False
3498	ERBB3 R1202W	protein	False
1914	NC_000003.11:g.10188215A>G	genomic	True
2494	3-10188216-G-C	genomic	False
3244	NC_000003.12:g.10146531_10146532insAC	genomic	True
2645	KDM6A R1213*	protein	False
3300	SPOP R121Q	protein	False
776	MSH6 R1242C	protein	True
767	MSH6 R1242H	protein	True
9	ALK R1275Q	protein	True
3292	NF1 R1276Q	protein	False
3060	BCL2 R129L	protein	False
636	PTEN R130*	protein	True
1037	PTEN R130G	protein	False
899	PTEN R130Q	protein	False
59	IDH1 R132C	protein	True
927	IDH1 R132G	protein	False
420	IDH1 R132H	protein	True
880	IDH1 R132L	protein	False
4433	IDH1 R132Q	protein	False
928	IDH1 R132S	protein	False
4102	TP53 R156H	protein	True
3795	TP53 R156P	protein	True
1170	ATM R1575H	protein	False
3967	BRCA1 R1589P	protein	False
4133	TP53 R158C	protein	False
4115	TP53 R158G	protein	True
1695	TP53 R158H	protein	True
1699	TP53 R158L	protein	True
3543	PTEN R15K	protein	False
1804	NC_000003.11:g.10191488C>T	genomic	True
2148	NC_000003.11:g.10191488C>A	genomic	True
1915	NC_000003.11:g.10191488C>G	genomic	True
1855	NC_000003.11:g.10191489G>C	genomic	True
1746	NC_000003.11:g.10191489G>A	genomic	True
1628	NF1 R163X	protein	False
1207	KRAS R164Q	protein	True
814	DDX41 R164W	protein	True
3470	EGFR R165Q	protein	False
1805	NC_000003.11:g.10191506C>G	genomic	False
1916	NC_000003.11:g.10191507G>T	genomic	True
2458	NC_000003.11:g.10191507G>C	genomic	True
1739	NC_000003.11:g.10191507G>A	genomic	True
1747	NC_000003.11:g.10191506C>T	genomic	True
4397	BRCA1 R1699Q	protein	False
3971	BRCA1 R1699W	protein	False
2364	PREX2 R172I	protein	True
63	IDH2 R172K	protein	True
838	PTEN R173C	protein	True
3420	TP53 R174K	protein	False
1085	TP53 R174W	protein	False
116	TP53 R175H	protein	True
1780	NC_000003.11:g.10191533del	genomic	True
1827	NC_000003.11:g.10191536A>T	genomic	True
1907	NC_000003.11:g.10191535del	genomic	True
3796	TP53 R181C	protein	True
3797	TP53 R181G	protein	True
3798	TP53 R181H	protein	True
4140	TP53 R181L	protein	False
3390	TP53 R181P	protein	True
4412	GNA11 R183C	protein	True
471	RAD51D R186*	protein	True
249	XRCC1 R194W	protein	True
4142	TP53 R196Q	protein	False
631	NC_000003.11:g.10191605C>T	genomic	True
826	GNAS R201C	protein	True
1319	GNAS R201H	protein	True
4305	CIC R201W	protein	False
2857	ROS1 R2033N	protein	False
1161	ATM R2034P	protein	False
3661	ACVR1 R206H	protein	True
3575	PMS2 R20Q	protein	False
2711	TP53 R213*	protein	False
1109	TP53 R213P	protein	True
4121	TP53 R213Q	protein	False
1683	ALK R214H	protein	False
3439	MTOR R2152C	protein	False
3431	CIC R215W	protein	False
3344	EGFR R222C	protein	True
754	MLH1 R226*	protein	True
136	NOTCH1 R2327W	protein	True
110	PTEN R233*	protein	True
1252	BRCA2 R2336P	protein	True
2896	NT5C2 R238W	protein	True
1156	ATM R2459C	protein	False
2403	FGFR3 R248C	protein	True
920	TP53 R248L	protein	False
117	TP53 R248Q	protein	True
118	TP53 R248W	protein	True
3400	TP53 R249G	protein	False
1696	TP53 R249S	protein	True
556	CDK4 R24C	protein	True
3961	EGFR R252C	protein	False
2275	ACVR1 R258G	protein	False
3618	BRCA2 R2659G	protein	False
749	MLH1 R265G	protein	True
3421	TP53 R267Q	protein	False
121	TP53 R273C	protein	True
122	TP53 R273H	protein	True
918	TP53 R273L	protein	True
2753	PRKN R275W	protein	False
3619	BRCA2 R2784Q	protein	False
3626	BRCA2 R2784W	protein	False
1697	TP53 R280K	protein	True
1698	TP53 R280T	protein	True
1108	TP53 R282L	protein	True
916	TP53 R282W	protein	True
3799	TP53 R283H	protein	True
3422	TP53 R283P	protein	False
3608	BRCA2 R2842C	protein	False
903	ATM R3008C	protein	True
4148	TP53 R306E	protein	False
768	PMS2 R315*	protein	True
3423	TP53 R337C	protein	False
3424	TP53 R337H	protein	False
1112	TP53 R337L	protein	False
3582	TP53 R337P	protein	True
4149	TP53 R337S	protein	False
3579	TP53 R342P	protein	True
1656	ABL1 R351W	protein	True
2276	AMER1 R358X	protein	False
2851	SMAD4 R361C	protein	True
238	NT5C2 R367Q	protein	True
812	ETV6 R369Q	protein	False
3757	SMAD3 R373H	protein	False
3339	CTCF R377H	protein	False
727	MSH2 R383*	protein	True
1680	RAF1 R391W	protein	True
811	ETV6 R399C	protein	False
3463	PALB2 R414X	protein	False
3678	ETV6 R418G	protein	False
454	EGFR R451C	protein	True
3144	NTRK2 R458G	protein	False
3671	FBXW7 R465C	protein	False
2647	FBXW7 R465H	protein	False
3672	FBXW7 R479Q	protein	False
3519	SMAD4 R496H	protein	False
1503	FBXW7 R505C	protein	False
1504	FBXW7 R505H	protein	False
3673	FBXW7 R505L	protein	False
2803	BRAF R558Q	protein	False
2302	NC_000003.11:g.10183709_10183710del	genomic	False
1867	NC_000003.11:g.10183722G>C	genomic	True
1679	FBXW7 R658Q	protein	False
3696	FGFR3 R669G	protein	False
3697	FGFR3 R669Q	protein	False
42	ERBB2 R678Q	protein	True
2829	JAK2 R683G	protein	False
3604	EZH2 R690C	protein	False
2333	EGFR R705K	protein	True
4404	CDH1 R732Q	protein	False
3485	DNMT3A R736H	protein	False
1181	EGFR R776C	protein	True
2175	NC_000003.11:g.10183766C>T	genomic	False
1791	NC_000003.11:g.10183767G>C	genomic	True
2241	NC_000003.11:g.10183775C>T	genomic	False
2532	NC_000003.11:g.10183775C>G	genomic	False
2110	NC_000003.11:g.10183776G>T	genomic	False
1980	NC_000003.11:g.10183776G>C	genomic	True
2089	NC_000003.11:g.10183774_10183782del	genomic	True
1017	EGFR R831H	protein	True
2741	EGFR R832L	protein	False
863	PDGFRA R841K	protein	True
2782	TEK R849W	protein	False
3376	CDKN2A R87P	protein	False
1125	DNMT3A R882H	protein	False
1124	DNMT3A R882P	protein	False
929	PIK3CA R88Q	protein	True
43	ERBB2 R896C	protein	True
3434	PIK3CA R93Q	protein	False
1178	PIK3CA R93W	protein	True
502	KDR R961W	protein	True
2790	PIK3CA R975S	protein	False
3685	PTPRD R995C	protein	False
3429	ARHGAP35 R997*	protein	False
2925	PRPS1 S103I	protein	True
2926	PRPS1 S103N	protein	True
2927	PRPS1 S103T	protein	True
3497	ERBB2 S1050L	protein	False
2165	FANCA S1088F	protein	False
3647	KDR S1100F	protein	False
1853	NC_000003.11:g.10183861_10183862delinsTT	genomic	True
2045	NC_000003.11:g.10183862A>T	genomic	True
1762	NC_000003.12:g.10142178del	genomic	True
2243	NC_000003.11:g.10183862A>G	genomic	False
1763	NC_000003.11:g.10183863G>A	genomic	True
2156	NC_000003.11:g.10183862A>C	genomic	False
2003	NC_000003.11:g.10183864C>A	genomic	False
1764	NC_000003.11:g.10183864C>G	genomic	True
2517	NC_000003.11:g.10183863del	genomic	False
4333	ALK S1206R	protein	False
172	ALK S1206Y	protein	True
4130	TP53 S127Y	protein	False
2541	NC_000003.11:g.10188273C>T	genomic	False
3969	BRCA1 S1486C	protein	False
1499	PIK3CA S158L	protein	True
3964	BRCA1 S1655F	protein	False
2004	NC_000003.11:g.10191510delG	genomic	False
1941	NC_000003.11:g.10191510G>C	genomic	False
3557	PTEN S170R	protein	False
1784	NC_000003.11:g.10191555C>A	genomic	True
3391	TP53 S183L	protein	False
2161	NC_000003.11:g.10191555C>T	genomic	False
2503	NC_000003.11:g.10191555C>G	genomic	False
2100	NC_000003.11:g.10191555del	genomic	False
4393	BRCA1 S1841N	protein	False
4394	BRCA1 S1841R	protein	False
2347	IL7R S185C	protein	False
1671	ROS1 S1986F	protein	False
1670	ROS1 S1986Y	protein	False
4290	MPL S204P	protein	False
10	ARAF S214C	protein	True
4410	ARAF S214F	protein	True
2715	MTOR S2215F	protein	False
542	MTOR S2215Y	protein	True
4472	ARAF S225V	protein	False
4143	TP53 S227C	protein	False
243	ATM S2289*	protein	True
1065	TP53 S241C	protein	False
2777	TP53 S241F	protein	True
3788	TP53 S241T	protein	True
628	FGFR3 S249C	protein	True
4312	SMAD2 S276L	protein	True
1562	SMO S278I	protein	False
2946	FGFR2 S320C	protein	False
3710	AR S334P	protein	False
3254	CTNNB1 S33F	protein	False
2281	CTNNB1 S37C	protein	False
3135	3-10183643-T-C	genomic	False
1495	ABL1 S438C	protein	False
2615	EGFR S442I	protein	False
2614	EGFR S442R	protein	False
2897	NT5C2 S445F	protein	True
3502	ERCC2 S44L	protein	False
1832	POLE S459F	protein	True
1286	CTNNB1 S45F	protein	True
1287	CTNNB1 S45P	protein	True
692	ESR1 S463P	protein	True
2601	EGFR S464L	protein	False
2602	EGFR S464T	protein	False
825	ARAF S490T	protein	True
2610	EGFR S492C	protein	False
453	EGFR S492R	protein	True
1206	KIT S501_A502INSAY	protein	False
1589	SMO S533N	protein	False
1290	JAK3 S61C	protein	False
1659	KIT S628N	protein	True
4408	EGFR S645C	protein	True
2956	JAK1 S646F	protein	False
1811	NC_000003.11:g.10183725C>A	genomic	True
2011	NC_000003.11:g.10183724T>G	genomic	True
2130	NC_000003.11:g.10183725delC	genomic	True
1788	NC_000003.11:g.10183725C>T	genomic	True
1903	NC_000003.11:g.10183724T>C	genomic	True
3048	NC_000003.11:g.10183724T>A	genomic	False
1787	NC_000003.11:g.10183725C>G	genomic	True
2122	NC_000003.11:g.10183734C>A	genomic	False
1873	NC_000003.11:g.10183733T>C	genomic	True
2012	NC_000003.11:g.10183734C>G	genomic	True
980	KIT S692L	protein	False
822	JAK1 S703I	protein	True
3680	JAK1 S729C	protein	False
1904	NC_000003.11:g.10183745T>C	genomic	True
1816	NC_000003.12:g.10142061del	genomic	True
891	EGFR S752_I759delSPKANKEI	protein	False
562	EGFR S768I	protein	True
1443	EGFR S768N	protein	False
145	DDR2 S768R	protein	True
1182	EGFR S784F	protein	False
2106	NC_000003.11:g.10183769A>G	genomic	False
1757	NC_000003.11:g.10183770G>T	genomic	True
2701	CBL S80N	protein	False
1874	NC_000003.11:g.10183770G>A	genomic	True
3347	SPOP S80R	protein	False
1963	NC_000003.11:g.10183769A>C	genomic	True
1792	3-10183771-T-G	genomic	True
2512	NC_000003.11:g.10183770_10183776del	genomic	False
2511	NC_000003.11:g.10183770del	genomic	True
3750	ARHGAP35 S866F	protein	False
262	ABCB1 S893T	protein	True
3652	KDR S925F	protein	False
3645	PIM1 S97N	protein	True
2534	NC_000003.11:g.10183874_10183881delinsCG	genomic	False
2104	NC_000003.11:g.10183876G>C	genomic	True
2461	NC_000003.11:g.10188323A>C	genomic	False
2065	NC_000003.12:g.10146639A>G	genomic	False
2146	NC_000003.11:g.10188323A>T	genomic	False
2292	NC_000003.11:g.10188328C>T	genomic	True
1681	NC_000009.11:g.5070054T>G	genomic	True
4374	NC_000007.14:g.116771990G>T	genomic	False
4386	NC_000007.14:g.116771989G>A	genomic	True
2114	NC_000003.11:g.10183872G>A	genomic	True
2074	NC_000003.11:g.10183872G>T	genomic	False
2017	NC_000003.12:g.10146513G>A	genomic	False
2454	NC_000003.12:g.10146513G>T	genomic	False
2133	NC_000003.11:g.10188196A>C	genomic	True
2504	NC_000003.11:g.10188196A>G	genomic	False
1972	NC_000003.11:g.10188321G>A	genomic	False
1998	NC_000003.11:g.10188321G>C	genomic	True
2048	NC_000003.11:g.10188321G>T	genomic	False
2075	NC_000003.11:g.10188322T>C	genomic	True
1974	NC_000003.11:g.10191470G>A	genomic	True
2077	NC_000003.11:g.10191470G>C	genomic	True
1990	NC_000003.11:g.10191470G>T	genomic	True
2093	NC_000003.11:g.10191469A>C	genomic	False
2078	NC_000003.11:g.10191469A>G	genomic	True
1992	NC_000003.11:g.10191469A>T	genomic	True
2248	NC_000003.11:g.10183829A>G	genomic	False
1839	NC_000003.11:g.10183844A>C	genomic	True
4330	ALK T1151K	protein	False
1493	ALK T1151M	protein	False
743	MLH1 T117M	protein	True
2054	NC_000003.11:g.10188228C>T	genomic	False
1905	NC_000003.11:g.10188226del	genomic	False
3417	TP53 T125R	protein	False
3684	TP53 T125T	protein	True
1843	NC_000003.11:g.10188254del	genomic	True
2085	NC_000003.11:g.10188312C>T	genomic	False
3130	NC_000003.11:g.10188311A>C	genomic	False
1745	NC_000003.11:g.10191477C>T	genomic	True
2323	NC_000003.11:g.10191476delA	genomic	False
3558	PTEN T160I	protein	False
4398	BRCA1 T1700A	protein	False
3979	BRCA1 T1720A	protein	False
2712	MTOR T1977K	protein	False
3412	MTOR T1977R	protein	False
540	FLT3 T227M	protein	True
3782	TP53 T230S	protein	True
1587	SMO T241M	protein	False
995	EGFR T263P	protein	True
901	ATM T2666A	protein	True
3629	BRCA2 T2722R	protein	False
3407	PTEN T277A	protein	False
3406	PTEN T277I	protein	False
3403	PTEN T277R	protein	False
2918	PRPS1 T303S	protein	True
2	ABL1 T315I	protein	True
870	BTK T316A	protein	True
2618	EGFR T415M	protein	False
2620	KIT T417_D419delinsY	protein	True
1285	CTNNB1 T41A	protein	True
3503	ERCC2 T46S	protein	False
2795	BRAF T488_P492del	protein	False
974	KIT T574A	protein	False
2824	BRAF T599_V600insT	protein	False
2387	CSF3R T618I	protein	True
979	KIT T661I	protein	False
1267	KIT T670I	protein	True
861	EGFR T725M	protein	False
3686	PTPRD T781A	protein	False
1573	EGFR T785A	protein	True
34	EGFR T790M	protein	True
2331	ERBB2 T798I	protein	True
1305	ERBB2 T798M	protein	False
4321	NFE2L2 T80K	protein	False
1463	EGFR T847I	protein	True
1467	EGFR T854A	protein	False
871	ERBB2 T862A	protein	True
701	ERBB3 V104M	protein	True
528	ALK V1180L	protein	True
1875	NC_000003.11:g.10188245G>T	genomic	False
2380	NC_000003.11:g.10188245G>A	genomic	False
1970	NC_000003.11:g.10188245G>C	genomic	True
1254	TP53 V143A	protein	False
4411	ARAF V145L	protein	True
2991	KRAS V14I	protein	False
3968	BRCA1 V1534M	protein	False
2836	MAP2K1 V154I	protein	False
1909	NC_000003.11:g.10191471T>A	genomic	True
1934	NC_000003.11:g.10191471T>G	genomic	True
2076	NC_000003.11:g.10188320G>A	genomic	False
3059	BCL2 V156D	protein	False
1143	NOTCH1 V1577A	protein	False
1144	NOTCH1 V1577E	protein	False
3574	TP53 V157D	protein	False
1092	TP53 V157F	protein	True
1249	BRCA2 V159M	protein	True
2437	NC_000003.11:g.10191504T>C	genomic	True
1775	NC_000003.11:g.10191504T>A	genomic	True
1825	NC_000003.11:g.10191503G>T	genomic	True
3554	PTEN V166I	protein	False
3970	BRCA1 V1688del	protein	False
1910	NC_000003.11:g.10191516T>C	genomic	False
1826	NC_000003.11:g.10191516T>A	genomic	True
1806	NC_000003.11:g.10191515G>T	genomic	True
1935	NC_000003.11:g.10191516T>G	genomic	True
4399	BRCA1 V1713A	protein	False
4117	TP53 V173G	protein	False
1086	TP53 V173L	protein	False
4139	TP53 V173M	protein	False
3998	BRCA1 V1804D	protein	False
1847	NC_000003.11:g.10191547_10191550del	genomic	True
4396	BRCA1 V1838E	protein	False
2493	NC_000003.11:g.10191588T>G	genomic	False
3595	TP53 V197E	protein	False
4120	TP53 V197L	protein	False
2805	MAP2K1 V211D	protein	False
1251	BRCA2 V211I	protein	True
1250	BRCA2 V211L	protein	True
3507	ERCC2 V242F	protein	False
2348	IL7R V253G	protein	False
792	PTPRD V253I	protein	True
4123	TP53 V272G	protein	True
1035	TP53 V272L	protein	False
3790	TP53 V274F	protein	True
2751	TP53 V274S	protein	False
1604	ABL1 V289I	protein	False
2277	CRLF2 V2del	protein	False
1576	SMO V321M	protein	False
775	MSH6 V352I	protein	True
2841	MAP2K2 V35M	protein	False
2702	CBL V391I	protein	False
1831	POLE V411L	protein	True
2612	EGFR V441D	protein	False
2613	EGFR V441F	protein	True
2611	EGFR V441G	protein	False
745	MLH1 V49A	protein	True
728	MLH1 V534R	protein	True
2938	PRPS1 V53A	protein	True
3217	FGFR4 V550E	protein	False
2399	FGFR3 V555L	protein	False
2400	FGFR3 V555M	protein	True
1543	KIT V555_I571DEL	protein	False
957	KIT V555_P573DEL	protein	False
956	KIT V555_Q556DEL	protein	False
2695	KIT V555_V559DEL	protein	True
969	KIT V559A	protein	False
968	KIT V559D	protein	True
966	KIT V559DEL	protein	False
970	KIT V559G	protein	False
967	KIT V559_V560DEL	protein	False
971	KIT V560D	protein	True
202	KIT V560DEL	protein	True
972	KIT V560G	protein	True
1550	KIT V560_L576DEL	protein	True
247	PDGFRA V561A	protein	True
941	PDGFRA V561D	protein	True
2781	FGFR1 V561M	protein	False
1551	KIT V569_L576DEL	protein	False
1632	FLT3 V592_D593INSDFREY	protein	False
11	BRAF V600D	protein	True
3452	BRAF V600D	protein	False
12	BRAF V600E	protein	True
1199	BRAF V600G	protein	False
563	BRAF V600K	protein	True
1404	BRAF V600L	protein	False
1405	BRAF V600M	protein	True
16	BRAF V600R	protein	False
991	BRAF V600R	protein	False
1658	BRAF V600_K601DELINSD	protein	False
3241	BRAF V600_S605delinsDV	protein	False
2834	MAP2K1 V60E	protein	False
64	JAK2 V617F	protein	True
73	KIT V654A	protein	True
3205	PDGFRA V658A	protein	False
1789	NC_000003.11:g.10183727delG	genomic	False
1936	NC_000003.11:g.10183728T>G	genomic	False
1289	JAK3 V722I	protein	False
3230	RET V738A	protein	False
1001	EGFR V742A	protein	True
1999	NC_000003.11:g.10183752T>G	genomic	True
2270	NG_008212.3:g.5426_5445del	genomic	False
1578	EGFR V769A	protein	False
736	EGFR V769_D770insASV	protein	True
872	ERBB2 V773A	protein	True
1311	ERBB2 V773L	protein	False
1892	EGFR V774A	protein	True
1894	EGFR V774M	protein	True
1567	EGFR V774_C775insHV	protein	False
44	ERBB2 V777L	protein	True
2568	RET V804M	protein	False
1897	EGFR V834I	protein	True
45	ERBB2 V842I	protein	True
1937	NC_000003.11:g.10183781G>C	genomic	False
1815	NC_000003.11:g.10183781G>T	genomic	True
2101	NC_000003.11:g.10183781G>A	genomic	True
1466	EGFR V851I	protein	True
781	ERBB3 V855A	protein	True
2068	NC_000003.11:g.10183791T>C	genomic	False
2513	NC_000003.11:g.10183791T>A	genomic	False
2432	NC_000003.11:g.10183790_10183791insA	genomic	True
3668	PIK3CA V955G	protein	True
3001	PIK3CA V955I	protein	True
1521	CDKN2A W110*	protein	False
2249	NC_000003.11:g.10188207G>A	genomic	False
1821	NC_000003.11:g.10188208G>A	genomic	False
1767	NC_000003.11:g.10188208G>T	genomic	True
2521	NC_000003.11:g.10188206T>G	genomic	False
2522	NC_000003.11:g.10188206T>A	genomic	False
2523	NC_000003.11:g.10188207G>C	genomic	False
3691	PTPRB W130R	protein	False
1590	PTCH1 W170X	protein	False
3978	BRCA1 W1718C	protein	False
1555	BRCA1 W1815X	protein	True
3995	BRCA1 W1837R	protein	False
3627	BRCA2 W2626C	protein	False
1563	SMO W281C	protein	False
1583	SMO W281L	protein	False
2945	FGFR2 W290C	protein	False
4403	CDH1 W409R	protein	False
3688	ABL2 W469C	protein	False
2667	MPL W515L	protein	False
837	SMO W535L	protein	False
959	KIT W557G	protein	False
958	KIT W557R	protein	False
960	KIT W557T	protein	False
962	KIT W557_E561del	protein	False
961	KIT W557_K558del	protein	True
1498	KIT W557_V559insC	protein	False
1539	PDGFRA W559_R560DELWR	protein	False
1292	JAK1 W690*	protein	False
1591	PTCH1 W712X	protein	False
1571	EGFR W731L	protein	True
1294	NC_000003.11:g.10183555G>A	genomic	True
2703	CBL W802*	protein	False
3250	VHL W88*	protein	False
2151	NC_000003.11:g.10183794G>A	genomic	True
1908	NC_000003.11:g.10183795G>A	genomic	True
2124	NC_000003.11:g.10183795G>C	genomic	False
2039	NC_000003.11:g.10183794_10183796delinsTT	genomic	True
2242	NC_000003.11:g.10183794G>T	genomic	False
1761	NC_000003.11:g.10183793T>A	genomic	True
2056	NC_000003.11:g.10183793T>C	genomic	True
1966	NC_000003.11:g.10183794G>C	genomic	True
2913	MET Y1003H	protein	False
935	PIK3CA Y1021C	protein	False
1766	NC_000003.11:g.10183867C>A	genomic	True
2818	NC_000003.11:g.10183866A>G	genomic	False
1865	NC_000003.11:g.10183865T>C	genomic	True
2006	NC_000003.11:g.10183865T>A	genomic	False
3762	TP53 Y126D	protein	True
3763	TP53 Y126S	protein	True
3456	EP300 Y1414C	protein	False
3500	ERCC2 Y14C	protein	False
1645	PAPPA2 Y1520X	protein	False
1968	NC_000003.11:g.10191475T>G	genomic	True
1946	NC_000003.11:g.10191474A>G	genomic	True
1967	NC_000003.11:g.10191473T>G	genomic	True
3182	NC_000003.11:g.10191473T>C	genomic	False
2013	NC_000003.11:g.10191473T>A	genomic	True
3193	NC_000003.11:g.10191474A>C	genomic	False
2453	NC_000003.11:g.10191472_10191477del	genomic	False
1087	TP53 Y163C	protein	False
3769	TP53 Y163H	protein	True
3800	TP53 Y163N	protein	True
1932	NC_000003.11:g.10191532C>A	genomic	True
1969	NC_000003.11:g.10191532C>G	genomic	True
2138	NC_000003.11:g.10191532del	genomic	True
2067	NC_000003.11:g.10191531A>G	genomic	True
1846	NC_000003.11:g.10191530T>G	genomic	True
2066	NC_000003.11:g.10191530T>A	genomic	True
2115	NC_000003.11:g.10191562C>A	genomic	False
1809	NC_000003.11:g.10191562C>G	genomic	True
4395	BRCA1 Y1853C	protein	False
3506	ERCC2 Y209C	protein	False
922	TP53 Y220C	protein	True
3779	TP53 Y220H	protein	True
1596	ABL1 Y232S	protein	False
1068	TP53 Y234C	protein	True
3781	TP53 Y234H	protein	True
3770	TP53 Y236S	protein	True
3501	ERCC2 Y24C	protein	False
803	RUNX1 Y260*	protein	True
3614	BRCA2 Y2660D	protein	False
3609	BRCA2 Y2726C	protein	False
3690	PTPRB Y309C	protein	False
2934	PRPS1 Y311C	protein	False
3405	PTEN Y336*	protein	False
1605	ABL1 Y342H	protein	False
2377	RHEB Y35N	protein	False
2638	CBL Y371H	protein	True
2404	FGFR3 Y373C	protein	True
3356	FGFR2 Y375C	protein	False
3065	FGFR2 Y376C	protein	False
1611	ABL1 Y393C	protein	False
3689	ABL2 Y399C	protein	False
3239	KIT Y503A	protein	False
946	KIT Y503_F504insAY	protein	True
1669	LYN Y508F	protein	False
48	ESR1 Y537C	protein	True
49	ESR1 Y537N	protein	True
50	ESR1 Y537S	protein	True
952	KIT Y553D	protein	False
2737	KIT Y553N	protein	False
953	KIT Y553_K558DEL	protein	False
1542	KIT Y553_W557DELYEVQW	protein	False
1548	KIT Y570_L576DEL	protein	False
3233	FLT3 Y589D	protein	False
1630	FLT3 Y591_V592INSVDFREYE	protein	False
3607	EZH2 Y646C	protein	True
2989	EZH2 Y646F	protein	True
3364	EZH2 Y646H	protein	True
4090	EZH2 Y646N	protein	True
2666	EZH2 Y646S	protein	True
3514	FGFR3 Y647C	protein	False
2986	STAT5B Y665F	protein	False
3499	ERCC2 Y72C	protein	False
3606	EZH2 Y731D	protein	False
1665	EGFR Y764_V765insHH	protein	True
1575	EGFR Y801H	protein	True
3228	RET Y806C	protein	False
3229	RET Y806N	protein	False
989	KIT Y823D	protein	True
3665	ERBB2 Y835F	protein	False
3070	FLT3 Y842C	protein	True
3234	FLT3 Y842H	protein	False
3535	PTEN Y88C	protein	False
1642	POLD1 Y956N	protein	False
3125	NC_000003.11:g.10183825C>G	genomic	False
1933	NC_000003.11:g.10183824A>G	genomic	True
852	NC_000003.11:g.10183822_10183841del	genomic	True
2160	NC_000003.11:g.10183822delC	genomic	True
1741	NC_000003.11:g.10183823T>C	genomic	True
2484	NC_000003.11:g.10183823T>A	genomic	False
2480	NC_000003.11:g.10183824A>C	genomic	False
3022	NC_000003.11:g.10191943G>A	genomic	False
615	NC_000009.11:g.5070053_5070054insG	genomic	True
3161	3-10183878-G-A	genomic	False
877	NC_000020.11:g.58903752C>T	genomic	True
731	NC_000003.11:g.37056036G>A	genomic	True
3045	VHL p.F76del	protein	False
4475	MAP2K1 p.K57_G61del	protein	False
3310	HDAC9 p.L33R	protein	False
