variant_id	gene_name	variant_name	category	variant_accepted
4170	VHL		Transcript Variant	False
4417	ALK	 FBXO11::ALK	Fusion	False
4214	VHL		Transcript Variant	False
4216	VHL		Transcript Variant	False
4278	VHL		Transcript Variant	False
4232	BRCA1		Transcript Variant	False
3196	VHL		Transcript Variant	False
2930	VHL		Transcript Variant	True
4188	VHL	10kb Deletion	Region Defined Variant	False
785	CHEK2	1100DELC	Protein Consequence	True
3083	VHL		Transcript Variant	False
2438	VHL	235 (CAG-TAG)	Other	False
4186	VHL	2kb Deletion	Region Defined Variant	False
823	EPCAM	3' Exon Deletion	Region Defined Variant	True
253	EGFR	3' UTR MUTATION	Region Defined Variant	False
433	HIF1A	3' UTR Polymorphism	Region Defined Variant	True
3102	VHL		Transcript Variant	False
2367	VHL	3p26.3-25.3 11Mb del	Region Defined Variant	True
265	TYMS	5' TANDEM REPEAT	Other	True
2390	MAP2K1	56_61QKQKVG>R	Rearrangements	False
4187	VHL	5kb Deletion	Region Defined Variant	False
2727	ERBB2	A129	Protein Consequence	False
2729	TP53	A129	Protein Consequence	False
2979	KRAS	A146	Protein Consequence	True
3195	VHL	A149fs (c.444dup)	Copy Number	False
2482	VHL		Transcript Variant	False
2023	VHL		Transcript Variant	True
2962	RUNX1		Transcript Variant	False
2442	VHL		Transcript Variant	False
2265	VHL		Transcript Variant	True
2144	VHL	A56fs (c.166dup)	Copy Number	True
1579	EGFR	A767_V769dupASV	Copy Number	True
780	GLI1	ACTB::GLI1	Fusion	True
3702	NTRK2	AFAP1::NTRK2	Fusion	True
2577	PDGFRB	AGGF1::PDGFRB C843G	Fusion	False
285	BRAF	AGK::BRAF	Fusion	True
184	BRAF	AKAP9::BRAF	Fusion	True
1307	TP53	ALTERATION	Region Defined Variant	True
2211	BAP1	ALTERNATIVE TRANSCRIPT (ATI)	Other	True
842	BRAF	APC	Other	False
2772	NRG1	APP::NRG1	Fusion	True
3460	AR	AR alternative transcripts	Other	False
3622	TFE3	ASPSCR1::TFE3	Fusion	False
2846	JAK2	ATF7IP::JAK2	Fusion	True
2632	PDGFRB	ATF7IP::PDGFRB	Fusion	False
2758	BRCA1	ATM	Other	False
2178	NRG1	ATP1B1::NRG1	Fusion	True
309	EGFR	AUTOCRINE ACTIVATION	Expression	False
1296	CTNNB1	Activating Mutation	Gene Function	True
2649	KRAS	Activating Mutation	Gene Function	False
2657	ERBB2	Activating Mutation	Gene Function	False
3737	EZH2	Activating Mutation	Gene Function	True
839	ALK	Alternative Transcript (ATI)	Other	True
3510	BCL2L11	Alternative splicing	Other	False
709	BRCA1	Alu insertion	Rearrangements	True
461	PML	B2 DOMAIN MUTATION	Region Defined Variant	True
3312	FGFR1	BAG4::FGFR1	Fusion	False
3251	BCOR	BCOR::CCNB3	Fusion	False
1	ABL1	BCR::ABL	Fusion	True
1607	ABL1	BCR::ABL A365V	Fusion	False
1608	ABL1	BCR::ABL A366G	Fusion	False
1612	ABL1	BCR::ABL A397P	Fusion	True
1027	ABL1	BCR::ABL D276G	Fusion	True
2900	ABL1	BCR::ABL D363G	Fusion	True
1532	ABL1	BCR::ABL D421G	Fusion	True
2890	ABL1	BCR::ABL E255K V299L	Fusion	True
1173	ABL1	BCR::ABL E255V	Fusion	True
1526	ABL1	BCR::ABL E279K	Fusion	True
2886	ABL1	BCR::ABL E279K	Fusion	True
2887	ABL1	BCR::ABL E292L	Fusion	True
1183	ABL1	BCR::ABL E292V	Fusion	True
1487	ABL1	BCR::ABL E355G	Fusion	True
2948	ABL1	BCR::ABL E450Q	Fusion	True
1534	ABL1	BCR::ABL E450V	Fusion	True
1536	ABL1	BCR::ABL E453A	Fusion	True
1535	ABL1	BCR::ABL E453K	Fusion	True
1509	ABL1	BCR::ABL E453Q	Fusion	True
2370	ABL1	BCR::ABL E459K	Fusion	True
2901	ABL1	BCR::ABL E98G	Fusion	True
1528	ABL1	BCR::ABL F311L	Fusion	True
2358	ABL1	BCR::ABL F311V	Fusion	False
2359	ABL1	BCR::ABL F317C	Fusion	True
1625	ABL1	BCR::ABL F317I	Fusion	True
2888	ABL1	BCR::ABL F317R	Fusion	True
2343	ABL1	BCR::ABL F317S	Fusion	True
1184	ABL1	BCR::ABL F359C	Fusion	True
1523	ABL1	BCR::ABL F359I	Fusion	True
892	ABL1	BCR::ABL F359V	Fusion	True
1152	ABL1	BCR::ABL F486S	Fusion	True
1023	ABL1	BCR::ABL G250E	Fusion	True
1233	ABL1	BCR::ABL G398R	Fusion	True
1531	ABL1	BCR::ABL H396P	Fusion	True
1030	ABL1	BCR::ABL H396R	Fusion	True
1533	ABL1	BCR::ABL I432T	Fusion	False
2340	ABL1	BCR::ABL L248R	Fusion	True
2889	ABL1	BCR::ABL L248R and F359I	Fusion	True
1022	ABL1	BCR::ABL L248V	Fusion	True
2902	ABL1	BCR::ABL L364I	Fusion	True
1530	ABL1	BCR::ABL L364P	Fusion	True
1230	ABL1	BCR::ABL L384M	Fusion	True
1232	ABL1	BCR::ABL L387F	Fusion	True
1488	ABL1	BCR::ABL L387M	Fusion	True
1021	ABL1	BCR::ABL M244V	Fusion	True
2949	ABL1	BCR::ABL M244V and L364I	Fusion	True
1524	ABL1	BCR::ABL M343T	Fusion	True
1029	ABL1	BCR::ABL M351T	Fusion	True
2954	ABL1	BCR::ABL M388L	Fusion	True
2951	ABL1	BCR::ABL N146S	Fusion	True
1529	ABL1	BCR::ABL N331S	Fusion	True
1640	ABL1	BCR::ABL N336S	Fusion	True
2950	ABL1	BCR::ABL N49S	Fusion	False
1537	ABL1	BCR::ABL P480A	Fusion	True
1024	ABL1	BCR::ABL Q252H	Fusion	True
1600	ABL1	BCR::ABL Q252R	Fusion	False
1527	ABL1	BCR::ABL Q300R	Fusion	True
1613	ABL1	BCR::ABL S417Y	Fusion	True
2953	ABL1	BCR::ABL S438C	Fusion	True
2335	ABL1	BCR::ABL T315A	Fusion	True
2885	ABL1	BCR::ABL T315V	Fusion	True
2903	ABL1	BCR::ABL V186A	Fusion	False
2952	ABL1	BCR::ABL V298I	Fusion	True
1231	ABL1	BCR::ABL V299L	Fusion	True
1609	ABL1	BCR::ABL V379I	Fusion	True
1026	ABL1	BCR::ABL Y253F	Fusion	True
2909	ABL1	BCR::ABL Y253F	Fusion	True
1025	ABL1	BCR::ABL Y253H	Fusion	True
4467	ABL1	BCR::ABL mutations	Fusion	False
4497	FGFR1	BCR::FGFR1	Fusion	False
2860	JAK2	BCR::JAK2	Fusion	True
2971	PDGFRA	BCR::PDGFRA	Fusion	True
594	CEBPA	BIALLELIC INACTIVATION	Other	True
656	BRAF	BRAF::CUL1	Fusion	True
719	BRD4	BRD4::NUTM1	Fusion	True
532	PALB2	Biallelic Inactivation	Other	True
2391	MAP2K1	C121S and G128D	Protein Consequence	False
3170	VHL		Transcript Variant	False
4181	VHL		Transcript Variant	False
4108	VHL		Transcript Variant	False
2132	VHL	C77fs (c.228dup)	Copy Number	True
3245	VHL		Transcript Variant	True
2769	ALK	CAD::ALK	Fusion	True
2630	CBFA2T3	CBFA2T3::GLIS2	Fusion	False
431	CBFB	CBFB::MYH11	Fusion	True
626	RET	CCDC6::RET	Fusion	True
3385	CD44	CD44s	Expression	False
341	CD44	CD44s Expression	Expression	True
3386	CD44	CD44v5 and CD44v6	Expression	False
3373	CD44	CD44v6	Other	True
3388	CD44	CD44v6 and CD44v10	Expression	False
3387	CD44	CD44v6+/CD44s-	Expression	False
3369	CD44	CD44v8-10	Expression	False
3368	CD44	CD44v9	Other	False
3367	CD44	CD4v8-v10 and CD44v3-v10	Expression	False
2771	NRG1	CD74::NRG1	Other	False
465	ROS1	CD74::ROS1 G2032R	Other	True
518	ROS1	CD74::ROS1 G2101A	Other	True
516	ROS1	CD74::ROS1 L2026M	Other	True
517	ROS1	CD74::ROS1 L2155S	Other	True
3474	CEACAM1	CEACAM1-L	Other	False
3475	CEACAM1	CEACAM1-S	Other	False
3270	ABL1	CENPC::ABL1	Fusion	True
3252	CIC	CIC::DUX4	Fusion	False
3987	CIC	CIC::LEUTX 	Fusion	False
520	ALK	CLTC::ALK	Fusion	True
3991	PDGFB	COL1A1-PDGFB fusion	Fusion	True
2972	PDGFB	COL1A1::PDGFB	Fusion	True
1300	TP53	CONSERVED DOMAIN MUT	Other	True
821	HLA-C	COPY-NEUTRAL LOSS OF HETEROZYGOSITY	Genotypes Compound	True
599	CTLA4	CTLA4::CD28	Fusion	True
2229	BRAF	CUX1::BRAF	Fusion	True
447	FGF13	CYTOPLASMIC EXPRESSION	Expression	True
1283	CDK2	CYTOPLASMIC EXPRESSION	Expression	False
360	CDKN1B	CYTOPLASMIC MISLOCALIZATION	Other	True
3408	TEK	Cis double mutants	Other	False
2800	BRAF	Class 2 Mutations	Other	False
2801	BRAF	Class 3 Mutations	Other	False
191	EGFR	Copy Number Variation	Copy Number	True
3567	VHL		Transcript Variant	False
2553	VHL		Transcript Variant	True
3156	VHL		Transcript Variant	False
1918	VHL		Transcript Variant	True
3179	VHL		Transcript Variant	False
4207	VHL		Transcript Variant	False
4153	VHL		Transcript Variant	False
1844	VHL		Transcript Variant	True
2734	TP53	D184	Protein Consequence	False
2479	VHL		Transcript Variant	False
3260	VHL		Transcript Variant	False
2767	BRAF	D594	Protein Consequence	False
746	MLH1	D667FS	Protein Consequence	True
2673	EPHB2		Transcript Variant	False
437	FLT3	D835	Protein Consequence	True
3231	FLT3	D835 & I836	Protein Consequence	False
613	FLT3	D835H/Y	Protein Consequence	True
943	PDGFRA	D842_H845DELDIMH	Rearrangements	True
3360	VHL		Transcript Variant	False
2963	RUNX1		Transcript Variant	False
4495	ALK	DCTN1::ALK	Fusion	False
2394	NTRK1	DDR2::NTRK1	Fusion	True
2706	DEK	DEK::AFF2	Fusion	False
522	BRAF	DEL 485-490	Region Defined Variant	True
954	KIT	DEL 554-558	Region Defined Variant	False
647	LRP1B	DELETION	Gene Function	True
1663	BRAF	DELNVTAP	Other	False
2685	DGKH	DGKH::ZFAND3	Fusion	False
242	TP53	DNA Binding Domain Mutation	Region Defined Variant	True
31	PRKACA	DNAJB1::PRKACA	Fusion	True
738	DPYD	DPYD*13 HOMOZYGOSITY	Genotypes Compound	True
737	DPYD	DPYD*2A HOMOZYGOSITY	Genotypes Compound	True
2589	DUX4	DUX4::IGH	Fusion	False
3509	AIMP2	DX2	Protein Consequence	False
334	VEGFA	Decreased Peri-therapeutic Expression	Expression	True
221	TP53	Deleterious Mutation	Region Defined Variant	True
200	IKZF1	Deletion	Gene Function	True
213	PTEN	Deletion	Gene Function	True
250	GSTP1	Deletion	Gene Function	True
646	SMAD4	Deletion	Gene Function	True
696	SMARCB1	Deletion	Gene Function	True
856	CREBBP	Deletion	Gene Function	False
1982	SUFU	Deletion	Gene Function	False
1983	PTCH1	Deletion	Gene Function	False
2654	CDKN2A	Deletion	Gene Function	True
2932	VHL	Deletion	Gene Function	True
3309	ATRX	Deletion	Gene Function	True
4314	CDKN2B	Deletion	Gene Function	False
4316	PAX5	Deletion	Gene Function	False
4317	ERG	Deletion	Gene Function	False
4479	BRCA2	Deletion	Gene Function	False
4480	TP53	Deletion	Gene Function	False
4192	VHL		Transcript Variant	False
4193	VHL		Transcript Variant	False
4194	VHL		Transcript Variant	False
526	BCL2L11	Deletion Polymorphism	Region Defined Variant	True
3009	ABL1	Double Ph	Rearrangements	True
725	MLH1	E13fs	Protein Consequence	True
2994	MAEA	E151INT	Other	False
4155	VHL		Transcript Variant	False
2591	DICER1	E1813 mutations	Protein Consequence	False
2529	VHL		Transcript Variant	False
2730	TP53	E204	Protein Consequence	False
4234	VHL		Transcript Variant	False
763	MSH2	E28FS	Protein Consequence	True
4275	VHL		Transcript Variant	False
3383	VHL		Transcript Variant	False
1735	VHL		Transcript Variant	False
2763	PIK3CA	E545	Protein Consequence	True
3635	VHL		Transcript Variant	False
4077	VHL		Transcript Variant	False
2301	VHL		Transcript Variant	False
3744	VHL		Transcript Variant	False
3654	VHL		Transcript Variant	False
3328	FLT3	E573Î”	Other	False
1544	FLT3	E611_F612INS25	Protein Consequence	False
2258	EGFR	E709A and G719C	Protein Consequence	False
2256	EGFR	E709K and G719A	Protein Consequence	False
1577	EGFR	E709_T710>D	Rearrangements	False
3036	VHL		Transcript Variant	False
2538	VHL		Transcript Variant	False
2304	VHL		Transcript Variant	False
4161	VHL		Transcript Variant	False
1635	EGFR	E746_A750>IP	Rearrangements	False
1433	EGFR	E746_S752>A	Rearrangements	False
1003	EGFR	E746_T751>I	Rearrangements	True
2310	VHL		Transcript Variant	False
2847	JAK2	EBF1::JAK2	Fusion	True
535	PDGFRB	EBF1::PDGFRB	Fusion	True
3484	FN1	EDB	Other	False
4270	EGFR	EGFR ITD	Rearrangements	False
4294	EGFR	EGFR::BRAF	Fusion	False
4283	EGFR	EGFR::PPARGC1A	Fusion	False
4282	EGFR	EGFR::PURB	Fusion	False
2203	EGFR	EGFR::RAD51	Fusion	True
4241	EGFR	EGFR::SEPT14	Fusion	True
4343	EGFR	EGFR::VSTM2A	Fusion	False
4344	EGFR	EGFR::WIF1	Fusion	False
4418	EGFR	EGFR::YAP1	Fusion	False
4286	EGFR	EGFR::ZNF713	Fusion	False
4447	EGFR	EGFR::ZNF880	Fusion	False
1516	EGFR	EGFRVIII	Gene Function	False
5	ALK	EML4::ALK	Fusion	True
501	ALK	EML4::ALK e2-e20	Fusion	True
500	ALK	EML4::ALK e20-e20	Fusion	True
3204	ALK	EML4::ALK e6-e19	Fusion	False
503	ALK	EML4::ALK e6-e20	Fusion	True
4020	EML4	EML4::NTRK3	Fusion	False
4299	NTRK3	EML4::NTRK3	Fusion	False
2750	ALK	EML6::ALK	Fusion	False
4075	EML6	EML6::NTRK3	Fusion	False
2670	EPHB2	EPHB2	Protein Consequence	False
4308	ALK	ERC1::ALK	Fusion	False
2575	ABL1	ETV6::ABL1	Fusion	True
2859	JAK2	ETV6::JAK2	Fusion	True
3700	NTRK1	ETV6::NTRK1	Fusion	True
2396	NTRK2	ETV6::NTRK2	Fusion	True
801	NTRK3	ETV6::NTRK3	Fusion	True
805	NTRK3	ETV6::NTRK3 G623R	Fusion	True
3140	ETV6	ETV6::RUNX1	Fusion	True
4005	EWSR1	EWSR1-ERG	Fusion	False
3054	EWSR1	EWSR1::ATF1	Fusion	False
717	DDIT3	EWSR1::DDIT3	Fusion	True
194	ERG	EWSR1::ERG	Fusion	True
706	EWSR1	EWSR1::FLI1	Fusion	True
164	FLI1	EWSR1::FLI1 e7-e6	Fusion	True
2385	EWSR1	EWSR1::NR4A3	Fusion	False
2941	EWSR1	EWSR1::WT1	Fusion	False
2472	VHL	EXON 1-2 DELETION and BRK1 DELETION	Region Defined Variant	False
303	STK11	EXON 1-2 MUTATION	Region Defined Variant	True
2893	DPYD	EXON 11-19 DELETION	Region Defined Variant	True
86	NPM1	EXON 12 MUTATION	Region Defined Variant	True
557	ASXL1	EXON 12 MUTATION	Region Defined Variant	True
266	LRP1B	EXON 12-22 DELETION	Region Defined Variant	True
74	KRAS	EXON 2 Mutations	Region Defined Variant	False
1940	VHL	EXON 2-3 DELETION	Region Defined Variant	True
559	CALR	EXON 9 FRAMESHIFT	Other	True
25	CDK4	EXPRESSION	Expression	True
57	GATA2	EXPRESSION	Expression	True
158	AURKA	EXPRESSION	Expression	True
182	BAP1	EXPRESSION	Expression	True
278	AKT2	EXPRESSION	Expression	True
316	TGFA	EXPRESSION	Expression	True
318	EREG	EXPRESSION	Expression	True
319	EFNA2	EXPRESSION	Expression	False
326	CBLC	EXPRESSION	Expression	True
328	DEFA1	EXPRESSION	Expression	True
335	DNMT1	EXPRESSION	Expression	True
337	PDCD4	EXPRESSION	Expression	True
339	TFF3	EXPRESSION	Expression	True
342	EGF	EXPRESSION	Expression	True
343	MDM2	EXPRESSION	Expression	True
344	HMOX1	EXPRESSION	Expression	True
355	CDKN1A	EXPRESSION	Expression	True
356	ALCAM	EXPRESSION	Expression	True
357	STMN1	EXPRESSION	Expression	True
361	ERBB3	EXPRESSION	Expression	True
363	UGT1A	EXPRESSION	Expression	True
365	ERBB4	EXPRESSION	Expression	True
366	SLFN11	EXPRESSION	Expression	True
372	CDKN1B	EXPRESSION	Expression	True
373	AGR2	EXPRESSION	Expression	True
380	IGF1R	EXPRESSION	Expression	True
381	EPHB4	EXPRESSION	Expression	True
383	TOP2A	EXPRESSION	Expression	True
384	TOP1	EXPRESSION	Expression	True
386	HSPA5	EXPRESSION	Expression	True
389	TUBB3	EXPRESSION	Expression	True
392	CFLAR	EXPRESSION	Expression	True
393	PROM1	EXPRESSION	Expression	True
394	FOXP3	EXPRESSION	Expression	True
398	DUSP6	EXPRESSION	Expression	True
400	HSPB1	EXPRESSION	Expression	True
401	NQO1	EXPRESSION	Expression	True
405	CXCR4	EXPRESSION	Expression	True
406	MAGEH1	EXPRESSION	Expression	True
410	CDX2	EXPRESSION	Expression	True
412	POU5F1	EXPRESSION	Expression	True
423	HLA-DRA	EXPRESSION	Expression	True
429	KIT	EXPRESSION	Expression	True
444	NEDD9	EXPRESSION	Expression	True
474	CIP2A	EXPRESSION	Expression	True
476	MIR218-1	EXPRESSION	Expression	True
492	ECSCR	EXPRESSION	Expression	True
493	ROBO4	EXPRESSION	Expression	True
537	RB1	EXPRESSION	Expression	True
546	ACTA1	EXPRESSION	Expression	True
624	MKI67	EXPRESSION	Expression	True
625	RAD23B	EXPRESSION	Expression	True
651	AXL	EXPRESSION	Expression	True
652	GAS6	EXPRESSION	Expression	True
660	HIF1A	EXPRESSION	Expression	True
662	MLH1	EXPRESSION	Expression	True
670	MYCL	EXPRESSION	Expression	True
671	HGF	EXPRESSION	Expression	True
673	FGF2	EXPRESSION	Expression	True
700	KIF23	EXPRESSION	Expression	True
857	NTRK3	EXPRESSION	Expression	False
1258	PTPRF	EXPRESSION	Expression	False
1262	MDM4	EXPRESSION	Expression	False
1284	DCC	EXPRESSION	Expression	True
2163	CTLA4	EXPRESSION	Expression	False
2207	PDCD1LG2	EXPRESSION	Expression	False
2208	LAG3	EXPRESSION	Expression	False
2594	ASCL1	EXPRESSION	Expression	False
2984	CXCL10	EXPRESSION	Expression	False
3042	CDK6	EXPRESSION	Expression	True
3330	TCF19	EXPRESSION	Expression	False
1854	EGFR	Ex19 del L858R	Region Defined Variant	True
2870	VHL	Exon 1 (Frameshift)	Other	False
844	VHL	Exon 1 Deletion	Region Defined Variant	True
2465	VHL	Exon 1 del (151nt)	Region Defined Variant	False
845	VHL	Exon 1-2 Deletion	Region Defined Variant	True
843	VHL	Exon 1-3 Deletion	Region Defined Variant	True
4168	VHL		Transcript Variant	False
4169	VHL		Transcript Variant	False
106	PIK3CA	Exon 10 Mutation	Region Defined Variant	True
1991	PIK3CA	Exon 10 and Exon 21 Mutation	Region Defined Variant	True
3311	PIK3CA	Exon 10 or Exon 21 Mutation	Region Defined Variant	True
66	KIT	Exon 11 Mutation	Region Defined Variant	True
2643	KIT	Exon 13 Mutation	Region Defined Variant	True
69	KIT	Exon 14 Mutation	Region Defined Variant	True
2778	MET	Exon 14 Mutation	Region Defined Variant	False
324	MET	Exon 14 Skipping Mutation	Region Defined Variant	True
2650	BRAF	Exon 15 Mutation	Region Defined Variant	True
4491	ERBB2	Exon 17 V659E	Region Defined Variant	False
2623	PDGFRA	Exon 18 Mutation	Region Defined Variant	True
375	EGFR	Exon 18 Overexpression	Other	True
2257	EGFR	Exon 18 deletion	Region Defined Variant	False
133	EGFR	Exon 19 Deletion	Region Defined Variant	True
4490	ERBB2	Exon 19 L755P	Region Defined Variant	False
1938	VHL	Exon 2 Deletion	Region Defined Variant	True
75	KRAS	Exon 2 Mutation	Region Defined Variant	True
1971	VHL	Exon 2-3 Deletion	Region Defined Variant	False
4485	ERBB2	Exon 20 A775_G776ins YVMA	Region Defined Variant	False
4484	ERBB2	Exon 20 A775_G776insIVMA	Region Defined Variant	False
4483	ERBB2	Exon 20 A775_G776insYVMA	Region Defined Variant	False
4488	ERBB2	Exon 20 G776_V777>VCV	Region Defined Variant	False
4489	ERBB2	Exon 20 G776delinsVC	Region Defined Variant	False
4487	ERBB2	Exon 20 G778-779 insCPG	Region Defined Variant	False
4486	ERBB2	Exon 20 G778_P780dup	Other	False
726	EGFR	Exon 20 Insertion	Other	True
2854	ERBB2	Exon 20 Insertion	Other	True
105	PIK3CA	Exon 21 Mutation	Region Defined Variant	True
1939	VHL	Exon 3 Deletion	Region Defined Variant	True
1973	VHL	Exon 3 Deletion	Region Defined Variant	False
2047	CTNNB1	Exon 3 Deletion	Region Defined Variant	False
2892	CTNNB1	Exon 3 Mutation	Region Defined Variant	True
3749	VHL	Exon 3 Variant	Region Defined Variant	False
4250	VHL		Transcript Variant	False
4245	VHL		Transcript Variant	False
252	EGFR	Exon 4 Deletion	Region Defined Variant	True
350	SETBP1	Exon 4 Mutation	Region Defined Variant	True
550	ALK	Exon 4-11 Deletion	Region Defined Variant	True
129	WT1	Exon 7 Mutation	Region Defined Variant	True
4492	ERBB2	Exon 8 S310F	Region Defined Variant	False
4493	ERBB2	Exon 8 S335C	Region Defined Variant	False
130	WT1	Exon 9 Mutation	Region Defined Variant	True
509	KIT	Exon 9 Mutation	Region Defined Variant	True
3100	VHL	Exon Deletion	Region Defined Variant	False
19	CCND1	Expression	Expression	True
210	PGR	Expression	Expression	True
268	FGFR1	Expression	Expression	True
276	CD274	Expression	Expression	True
313	PTEN	Expression	Expression	True
314	NRG1	Expression	Expression	True
315	AREG	Expression	Expression	True
329	ERCC1	Expression	Expression	True
354	EGFR	Expression	Expression	True
376	ZEB1	Expression	Expression	True
397	BRCA1	Expression	Expression	True
533	SMAD4	Expression	Expression	True
683	PAX8	Expression	Expression	True
2209	DLL3	Expression	Expression	False
2595	HDAC2	Expression	Expression	False
2914	ALK	Expression	Expression	False
2966	MGMT	Expression	Expression	False
2993	CDK5	Expression	Expression	False
3014	CSF1R	Expression	Expression	False
3319	BTK	Expression	Expression	False
3320	BLK	Expression	Expression	False
3992	STAT1	Expression	Expression	False
4336	FLT3LG	Expression	Expression	False
4421	TBX2	Expression	Expression	False
4422	TBXT	Expression	Expression	False
4206	VHL		Transcript Variant	False
3984	VHL		Transcript Variant	False
3363	VHL		Transcript Variant	False
3295	VHL		Transcript Variant	False
2423	VHL		Transcript Variant	False
2558	VHL		Transcript Variant	False
3143	VHL		Transcript Variant	False
3129	VHL		Transcript Variant	False
2096	VHL		Transcript Variant	False
2542	VHL		Transcript Variant	False
2621	KIT	F506_F508DUP	Copy Number	True
4083	VHL		Transcript Variant	False
4082	VHL		Transcript Variant	False
2271	VHL		Transcript Variant	False
3494	VHL		Transcript Variant	False
4081	VHL		Transcript Variant	False
3577	VHL		Transcript Variant	False
3157	VHL		Transcript Variant	True
2018	VHL		Transcript Variant	False
2158	VHL	F76fs (c.222_225dup)	Copy Number	False
1912	VHL	F76fs (c.223_224insT)	Copy Number	True
3632	VHL		Transcript Variant	False
1893	VHL		Transcript Variant	True
3105	VHL		Transcript Variant	False
2656	BRAF	FAM131B::BRAF	Fusion	False
2987	BRAF	FAM73A::BRAF	Fusion	False
2743	FGFR1	FGFR1OP2::FGFR1	Fusion	True
4498	FGFR1	FGFR1OP::FGFR1	Fusion	False
783	FGFR2	FGFR2::AHCYL1	Fusion	True
782	FGFR2	FGFR2::BICC1	Fusion	True
52	FGFR2	FGFR2::MGEA5	Fusion	True
54	FGFR2	FGFR2::TACC3	Fusion	True
53	FGFR3	FGFR3::BAIAP2L1	Fusion	True
830	FGFR3	FGFR3::TACC3	Fusion	True
574	PDGFRA	FIP1L1::PDGFRA	Fusion	True
577	PDGFRA	FIP1L1::PDGFRA T674I	Fusion	True
4468	ALK	FN1::ALK	Fusion	False
2682	ABL1	FOXP1::ABL1	Fusion	True
667	MEN1	FRAMESHIFT TRUNCATION	Protein Consequence	True
722	DDIT3	FUS::DDIT3	Fusion	True
3149	RELA	FUSION	Fusion	False
575	ROS1	FUSIONS	Fusion	False
428	MRE11	Frameshift	Protein Consequence	True
2812	MBD4	Frameshift	Protein Consequence	False
124	TSC1	Frameshift Truncation	Protein Consequence	True
419	NTRK1	Fusion	Fusion	True
499	ALK	Fusion	Fusion	True
524	DUX4	Fusion	Fusion	True
567	PDGFRA	Fusion	Fusion	True
568	PDGFRB	Fusion	Fusion	True
569	FGFR1	Fusion	Fusion	True
1277	NTRK3	Fusion	Fusion	True
1687	RET	Fusion	Fusion	True
1691	FGFR3	Fusion	Fusion	True
2202	FGFR2	Fusion	Fusion	True
2286	NRG1	Fusion	Fusion	True
2566	ABL1	Fusion	Fusion	False
2571	ABL2	Fusion	Fusion	True
2572	JAK2	Fusion	Fusion	False
2639	BRAF	Fusion	Fusion	False
2640	NTRK2	Fusion	Fusion	True
2693	ROS1	Fusion	Fusion	True
2779	STAT6	Fusion	Fusion	False
2806	KMT2A	Fusion	Fusion	False
2830	ETV1	Fusion	Fusion	False
3081	RAF1	Fusion	Fusion	False
3315	TP53	Fusion	Fusion	False
3957	RASGRF1	Fusion	Fusion	False
3637	VHL		Transcript Variant	False
2252	VHL		Transcript Variant	False
2266	VHL		Transcript Variant	False
2551	VHL		Transcript Variant	False
3085	VHL		Transcript Variant	False
4084	VHL		Transcript Variant	False
2073	VHL		Transcript Variant	False
4174	VHL		Transcript Variant	False
2455	VHL		Transcript Variant	True
2129	VHL		Transcript Variant	True
2153	VHL		Transcript Variant	False
76	KRAS	G12	Protein Consequence	True
92	NRAS	G12	Protein Consequence	True
77	KRAS	G12/G13	Protein Consequence	True
596	NRAS	G12/G13	Protein Consequence	True
2135	VHL		Transcript Variant	True
3099	VHL		Transcript Variant	False
80	KRAS	G13	Protein Consequence	True
4172	VHL		Transcript Variant	False
4211	VHL		Transcript Variant	False
2319	VHL		Transcript Variant	False
2320	VHL		Transcript Variant	False
1949	VHL		Transcript Variant	True
2721	TP53	G245	Protein Consequence	False
2724	TP53	G266	Protein Consequence	False
3736	VHL		Transcript Variant	False
2961	RUNX1		Transcript Variant	False
3587	H3-3A	G34	Protein Consequence	False
3046	VHL		Transcript Variant	False
3742	KIT	G3BP2::KIT	Fusion	False
2822	BRAF	G469	Protein Consequence	True
3469	NTRK1	G595R and G667S	Protein Consequence	True
2768	BRAF	G596	Protein Consequence	False
730	MLH1	G606FS*2	Protein Consequence	True
718	EGFR	G719	Protein Consequence	True
1557	ERBB2	G776INSV_G/C	Protein Consequence	False
817	ERBB2	G778_P780DUP	Copy Number	True
3033	RET	G810	Protein Consequence	False
3263	VHL		Transcript Variant	False
2097	VHL		Transcript Variant	True
1812	VHL		Transcript Variant	False
3214	JAK2	GOLGA5::JAK2	Fusion	True
2395	NTRK1	GON4L::NTRK1	Fusion	True
2770	ROS1	GOPC::ROS1	Fusion	True
4240	TYR	GRCh37/hg19 11q14.3(chr11:88960991-88961138)x160	Copy Number	False
3305	TNFRSF17	Gain	Copy Number	False
4424	TBXT	Gain	Copy Number	False
2061	ACVR1	Gain-of-Function	Other	True
2172	MTOR	Gain-of-Function	Other	False
1765	EGFR	Gain-of-function	Other	True
2346	MLH1		Transcript Variant	False
3766	PIK3CA	H1047L or H1047R	Protein Consequence	True
4185	VHL		Transcript Variant	False
2540	VHL		Transcript Variant	False
2136	VHL		Transcript Variant	True
4093	VHL		Transcript Variant	False
2328	VHL		Transcript Variant	False
2581	NCOA2	HEY1::NCOA2	Fusion	True
4405	ALK	HIP1::ALK	Fusion	True
2969	HMGA2	HMGA2::LPP	Fusion	False
3597	DDR2	High expression	Expression	False
1965	VHL		Transcript Variant	False
527	ALK	I1171	Protein Consequence	True
2095	VHL		Transcript Variant	False
3136	VHL		Transcript Variant	False
3154	VHL		Transcript Variant	False
2487	VHL		Transcript Variant	False
271	ATR	I774FS	Protein Consequence	True
3232	FLT3	I836	Protein Consequence	False
765	MSH6	I891FS	Protein Consequence	True
151	BCL2	IGH::BCL2	Fusion	True
2663	CRLF2	IGH::CRLF2	Fusion	True
4309	FGFR3	IGHA1::FGFR3	Fusion	False
2744	IKZF1	IKZF1 deletion and mutation	Region Defined Variant	True
2686	IL2RB	IL2RB::MYH9	Fusion	False
218	SMARCA4	INACTIVATING MUTATION	Gene Function	True
2238	BARD1	ISOFORM EXPRESSION	Expression	False
55	FLT3	ITD	Rearrangements	True
3220	FLT3	ITD  N676D	Rearrangements	False
3209	FLT3	ITD & D835(V/Y/F/H)	Rearrangements	False
3211	FLT3	ITD & D839G	Rearrangements	False
3284	FLT3	ITD & L601F	Rearrangements	False
3636	FLT3	ITD & N841K	Rearrangements	False
3118	FLT3	ITD & TKD MUTATIONS	Other	False
3283	FLT3	ITD & Y597F	Rearrangements	False
3210	FLT3	ITD & Y842C	Rearrangements	False
3219	FLT3	ITD D651G	Rearrangements	False
3221	FLT3	ITD I687F	Rearrangements	False
2785	FLT3	ITD N676K	Rearrangements	False
3218	FLT3	ITD and co-mutations	Rearrangements	False
3208	FLT3	ITD&F691(I/L)	Rearrangements	False
788	CHEK2	IVS2+1G>A	Other	True
2674	RB1	IVS20, A-G, -2	Other	False
2895	NUDT15	Inactivating Mutation	Gene Function	False
67	KIT	Internal Duplication	Copy Number	True
2659	FGFR1	Internal Duplication	Copy Number	True
4150	BCOR	Internal tandem duplication	Copy Number	False
4229	BCOR	Internal tandem duplication (ITD)	Other	False
257	EZH2	Intron 6 Mutation	Region Defined Variant	True
2134	VHL		Transcript Variant	True
2311	VHL		Transcript Variant	False
2722	TP53	K132	Protein Consequence	False
3354	VHL		Transcript Variant	False
4088	VHL		Transcript Variant	False
4089	VHL		Transcript Variant	False
279	NF2	K159fs	Protein Consequence	True
4100	VHL		Transcript Variant	False
1872	VHL	K159fs (c.473dup)	Copy Number	True
2040	VHL		Transcript Variant	True
2988	PCNA	K164R LOSS-OF-MODIFICATION	Other	False
2327	VHL		Transcript Variant	False
2140	VHL		Transcript Variant	True
2499	VHL		Transcript Variant	False
3476	H3-3A	K27	Protein Consequence	False
3010	ABL1	K356dup	Copy Number	False
3273	MSH3	K383fs	Protein Consequence	False
4177	PDGFRA	K385	Protein Consequence	False
1166	ATM	K468FS	Protein Consequence	True
2765	BRAF	K601	Protein Consequence	False
508	PMS2	K706FS*19	Protein Consequence	True
2964	RUNX1	K90fsX101	Protein Consequence	False
3158	NTRK2	KANK1::NTRK2	Fusion	True
4001	ALK	KANK4::ALK	Fusion	True
618	BRAF	KIAA1549::BRAF	Fusion	True
4300	EGFR	KIF5B::EGFR	Fusion	False
2707	MET	KIF5B::MET	Fusion	False
273	RET	KIF5B::RET	Fusion	True
1689	RET	KIF5B::RET G810A	Fusion	False
1688	RET	KIF5B::RET V804L	Fusion	False
3552	KMT2A	KMT2A::ABI1	Fusion	False
3551	KMT2A	KMT2A::AF10	Fusion	False
3550	KMT2A	KMT2A::AF6	Fusion	False
432	KMT2A	KMT2A::MLLT3	Fusion	True
3117	KMT2A	KMT2A::MLLT4	Fusion	False
2210	ASNS	KMT2E::ASNS	Fusion	False
3472	KRAS	KRAS4A	Other	False
3471	KRAS	KRAS4A underexpression	Other	False
413	ERBB2	Kinase Domain Mutation	Region Defined Variant	True
3294	VHL		Transcript Variant	False
2731	TP53	L114	Protein Consequence	False
2312	VHL		Transcript Variant	False
2381	VHL		Transcript Variant	False
2313	VHL		Transcript Variant	False
1768	VHL		Transcript Variant	True
3172	VHL		Transcript Variant	False
1996	VHL		Transcript Variant	True
2557	VHL		Transcript Variant	False
3119	VHL		Transcript Variant	False
4087	VHL		Transcript Variant	False
3753	VHL		Transcript Variant	False
1960	VHL		Transcript Variant	True
3513	VHL		Transcript Variant	False
4236	VHL		Transcript Variant	False
1802	VHL		Transcript Variant	True
2324	VHL		Transcript Variant	False
4160	VHL		Transcript Variant	False
1783	VHL	L158fs (c.471dupT)	Copy Number	True
3278	VHL		Transcript Variant	False
2459	VHL		Transcript Variant	True
3091	VHL		Transcript Variant	False
4092	VHL		Transcript Variant	False
4238	VHL		Transcript Variant	False
4199	VHL		Transcript Variant	False
4156	VHL		Transcript Variant	False
3480	VHL		Transcript Variant	False
4225	VHL		Transcript Variant	False
2735	TP53	L206	Protein Consequence	False
1318	TP53	L3 Domain Mutation	Region Defined Variant	False
1677	FBXW7	L403FS*34	Protein Consequence	False
541	PALB2	L531FS*30	Protein Consequence	True
2766	BRAF	L597	Protein Consequence	False
2262	VHL		Transcript Variant	False
2087	VHL		Transcript Variant	False
2997	EGFR	L718V and L718Q	Protein Consequence	False
1011	EGFR	L747_P753>Q	Rearrangements	False
4221	AKT2	L78_Q79ins	Rearrangements	False
2506	VHL		Transcript Variant	False
1925	VHL		Transcript Variant	False
2305	VHL		Transcript Variant	False
1866	EGFR	L861	Protein Consequence	True
3164	VHL		Transcript Variant	False
3483	LGR5	LGR5FL	Expression	False
1278	NTRK1	LMNA::NTRK1	Fusion	True
1282	NTRK1	LMNA::NTRK1 G595R and G667C	Fusion	True
3225	NTRK1	LMNA::NTRK1 e11-e10	Fusion	True
3223	NTRK1	LMNA::NTRK1 e2-e10	Fusion	True
3224	NTRK1	LMNA::NTRK1 e2-e11	Fusion	True
302	PTCH1	LOH	Genotypes Compound	True
564	SMAD4	LOSS	Gene Function	True
809	MSH6	LOSS	Gene Function	True
3659	SMARCB1	LOSS OF NUCLEAR PROTEIN EXPRESSION	Expression	False
2596	LZTR1	LOSS-OF-FUNCTION	Gene Function	False
2755	FUBP1	LOSS-OF-FUNCTION	Gene Function	False
2968	HMGA2	LPP::HMGA2	Fusion	False
3272	ABL1	LSM14A::ABL1	Fusion	True
23	CCND3	Loss	Gene Function	True
214	PTEN	Loss	Gene Function	True
370	MRE11	Loss	Gene Function	True
436	VHL	Loss	Gene Function	True
485	STK11	Loss	Gene Function	True
554	CDKN2A	Loss	Gene Function	True
555	CDKN2B	Loss	Gene Function	True
672	SOX10	Loss	Gene Function	True
697	NF2	Loss	Gene Function	True
698	NF1	Loss	Gene Function	True
808	MSH2	Loss	Gene Function	True
853	NBN	Loss	Gene Function	False
925	STK11	Loss	Gene Function	False
1876	CIC	Loss	Gene Function	False
1879	ATXN1L	Loss	Gene Function	False
1880	ATM	Loss	Gene Function	False
2212	BAP1	Loss	Gene Function	False
2230	ASS1	Loss	Gene Function	True
2232	FLCN	Loss	Gene Function	False
2234	KMT2D	Loss	Gene Function	False
2365	TF	Loss	Gene Function	False
2644	SMARCA4	Loss	Gene Function	True
2754	PRKN	Loss	Gene Function	False
3202	SMARCB1	Loss	Gene Function	True
4310	KDM6A	Loss	Gene Function	False
4452	TP53	Loss	Gene Function	True
125	TSC1	Loss-of-function	Gene Function	True
131	BRCA1	Loss-of-function	Gene Function	True
132	BRCA2	Loss-of-function	Gene Function	True
159	VHL	Loss-of-function	Gene Function	True
167	KMT2D	Loss-of-function	Gene Function	True
230	CHEK2	Loss-of-function	Gene Function	True
236	CDK12	Loss-of-function	Gene Function	True
534	FANCC	Loss-of-function	Gene Function	True
601	NOTCH1	Loss-of-function	Gene Function	True
606	RB1	Loss-of-function	Gene Function	True
637	FBXW7	Loss-of-function	Gene Function	True
721	CYP2D6	Loss-of-function	Gene Function	True
819	PTPRB	Loss-of-function	Gene Function	True
1293	ARID1A	Loss-of-function	Gene Function	True
2171	TSC2	Loss-of-function	Gene Function	False
2219	BARD1	Loss-of-function	Gene Function	True
2235	RASA1	Loss-of-function	Gene Function	True
2236	ATM	Loss-of-function	Gene Function	False
2415	SMAD4	Loss-of-function	Gene Function	False
2424	KMT2C	Loss-of-function	Gene Function	False
2565	PTPN12	Loss-of-function	Gene Function	False
2705	PBRM1	Loss-of-function	Gene Function	False
3316	MEN1	Loss-of-function	Gene Function	False
4269	ATRX	Loss-of-function	Gene Function	False
1247	BRCA2	M1R	Other	True
3720	VHL		Transcript Variant	False
2497	VHL		Transcript Variant	False
2269	VHL		Transcript Variant	False
2545	VHL		Transcript Variant	False
2473	VHL		Transcript Variant	False
1889	VHL	M54fs (c.161dup)	Copy Number	True
638	RB1	M695FS*26	Protein Consequence	True
2227	BRAF	MACF1::BRAF	Fusion	True
3988	MAP3K8	MAP3K8 fusion 	Fusion	False
3148	MEF2D	MEF2D Rearrangement	Rearrangements	False
30	CSF1R	MEF2D::CSF1R	Fusion	True
2894	MET	MET::ATXN7L1	Fusion	True
538	MLH1	METHYLATION	Epigenetic Modification	True
784	CDKN2B	METHYLATION	Epigenetic Modification	True
3114	MN1	MN1::CXXC5	Fusion	False
217	SMARCA4	MUTATION	Region Defined Variant	True
521	U2AF1	MUTATION	Region Defined Variant	True
595	SRSF2	MUTATION	Region Defined Variant	True
623	POT1	MUTATION	Region Defined Variant	True
644	PRDM1	MUTATION	Region Defined Variant	True
659	NF2	MUTATION	Region Defined Variant	False
664	CDH1	MUTATION	Region Defined Variant	True
665	RHOA	MUTATION	Region Defined Variant	True
668	KMT2C	MUTATION	Region Defined Variant	True
669	STAG2	MUTATION	Region Defined Variant	True
674	EIF1AX	MUTATION	Region Defined Variant	True
2169	BTK	MUTATION	Region Defined Variant	True
2170	PLCG2	MUTATION	Region Defined Variant	True
2652	H3-3A	MUTATION	Region Defined Variant	True
2761	ZRSR2	MUTATION	Region Defined Variant	False
2773	RABL3	MUTATION	Region Defined Variant	False
3052	CD79B	MUTATION	Region Defined Variant	False
3073	CARD11	MUTATION	Region Defined Variant	False
3138	NPM1	MUTATION	Region Defined Variant	False
2665	MYB	MYB::GATA1	Fusion	False
4327	MYB	MYB::QKI	Fusion	False
29	CEBPA	Mutation	Region Defined Variant	True
155	RUNX1	Mutation	Region Defined Variant	True
157	TET2	Mutation	Region Defined Variant	True
160	VHL	Mutation	Region Defined Variant	True
161	PBRM1	Mutation	Region Defined Variant	True
163	EZH2	Mutation	Region Defined Variant	True
174	APC	Mutation	Region Defined Variant	True
177	ASXL1	Mutation	Region Defined Variant	True
178	ATM	Mutation	Region Defined Variant	True
183	BAP1	Mutation	Region Defined Variant	True
185	BRCA1	Mutation	Region Defined Variant	True
186	BRCA2	Mutation	Region Defined Variant	True
189	DNMT3A	Mutation	Region Defined Variant	True
206	NOTCH1	Mutation	Region Defined Variant	True
208	NRAS	Mutation	Region Defined Variant	True
215	SF3B1	Mutation	Region Defined Variant	True
216	SMAD4	Mutation	Region Defined Variant	True
222	TP53	Mutation	Region Defined Variant	True
275	HRAS	Mutation	Region Defined Variant	True
277	MTOR	Mutation	Region Defined Variant	True
281	FBXW7	Mutation	Region Defined Variant	True
297	RIT1	Mutation	Region Defined Variant	True
300	SMO	Mutation	Region Defined Variant	True
301	PTCH1	Mutation	Region Defined Variant	True
310	ERBB4	Mutation	Region Defined Variant	True
311	PIK3CA	Mutation	Region Defined Variant	True
323	MET	Mutation	Region Defined Variant	True
327	PTPRD	Mutation	Region Defined Variant	True
336	KRAS	Mutation	Region Defined Variant	True
388	KIT	Mutation	Region Defined Variant	True
399	BRAF	Mutation	Region Defined Variant	True
442	EGFR	Mutation	Region Defined Variant	True
505	GNAQ	Mutation	Region Defined Variant	True
506	GNA11	Mutation	Region Defined Variant	True
510	PTEN	Mutation	Region Defined Variant	True
511	FGFR2	Mutation	Region Defined Variant	True
512	ALK	Mutation	Region Defined Variant	True
519	FLT3	Mutation	Region Defined Variant	True
560	CSF3R	Mutation	Region Defined Variant	True
570	IDH2	Mutation	Region Defined Variant	True
587	NF1	Mutation	Region Defined Variant	True
600	AR	Mutation	Region Defined Variant	True
633	PIK3R1	Mutation	Region Defined Variant	True
645	IDH1	Mutation	Region Defined Variant	True
663	BCOR	Mutation	Region Defined Variant	True
666	ERBB2	Mutation	Region Defined Variant	True
713	CRBN	Mutation	Region Defined Variant	True
715	STK11	Mutation	Region Defined Variant	True
797	POLE	Mutation	Region Defined Variant	True
799	RB1	Mutation	Region Defined Variant	True
827	FGFR3	Mutation	Region Defined Variant	True
1690	RET	Mutation	Region Defined Variant	False
2231	FLCN	Mutation	Region Defined Variant	False
2233	BCL2	Mutation	Region Defined Variant	True
2237	KDM5C	Mutation	Region Defined Variant	False
2388	CALR	Mutation	Region Defined Variant	True
2567	ETV6	Mutation	Region Defined Variant	False
2641	FGFR1	Mutation	Region Defined Variant	False
2642	PTPN11	Mutation	Region Defined Variant	False
2668	FOXO3	Mutation	Region Defined Variant	False
2692	B2M	Mutation	Region Defined Variant	False
2699	CBL	Mutation	Region Defined Variant	False
2704	CDKN2A	Mutation	Region Defined Variant	True
2749	NFE2L2	Mutation	Region Defined Variant	True
2759	PALB2	Mutation	Region Defined Variant	True
2760	MPL	Mutation	Region Defined Variant	False
2764	CDK12	Mutation	Region Defined Variant	True
2898	NT5C2	Mutation	Region Defined Variant	True
2958	SDHB	Mutation	Region Defined Variant	False
2983	ACVR1	Mutation	Region Defined Variant	True
3072	GATA2	Mutation	Region Defined Variant	False
3115	GATA1	Mutation	Region Defined Variant	False
3203	ATRX	Mutation	Region Defined Variant	True
3274	PDGFRA	Mutation	Region Defined Variant	True
4018	MS4A1	Mutation	Region Defined Variant	True
4437	PPP2R2A	Mutation	Region Defined Variant	True
4438	RAD54L	Mutation	Region Defined Variant	True
4439	BRIP1	Mutation	Region Defined Variant	True
4440	BARD1	Mutation	Region Defined Variant	True
4441	CHEK1	Mutation	Region Defined Variant	True
4442	FANCL	Mutation	Region Defined Variant	False
4443	RAD51B	Mutation	Region Defined Variant	True
4444	RAD51C	Mutation	Region Defined Variant	False
4445	RAD51D	Mutation	Region Defined Variant	True
4471	ARAF	Mutation	Region Defined Variant	False
4503	RAF1	Mutation	Region Defined Variant	False
4504	MAP2K1	Mutation	Region Defined Variant	False
4505	MAP2K2	Mutation	Region Defined Variant	False
4506	GATA3	Mutation	Region Defined Variant	False
4507	GNAS	Mutation	Region Defined Variant	False
3127	WT1	Mutations	Region Defined Variant	False
28	CEBPA	N-TERMINAL FRAME SHIFT	Protein Consequence	True
1981	VHL		Transcript Variant	False
4271	VHL		Transcript Variant	False
2315	VHL		Transcript Variant	False
2272	VHL		Transcript Variant	False
1823	VHL		Transcript Variant	False
3186	VHL		Transcript Variant	False
2029	VHL		Transcript Variant	True
3493	VHL		Transcript Variant	False
3743	VHL		Transcript Variant	False
3759	VHL		Transcript Variant	False
3317	VHL		Transcript Variant	False
2253	VHL		Transcript Variant	False
4230	VHL		Transcript Variant	False
3655	VHL		Transcript Variant	False
4078	VHL		Transcript Variant	False
4159	VHL		Transcript Variant	False
2547	VHL		Transcript Variant	False
1581	EGFR	N771>GY	Rearrangements	False
4201	VHL		Transcript Variant	False
2309	VHL		Transcript Variant	False
1320	ERBB2	NON-AMPLIFICATION	Copy Number	False
513	ALK	NPM::ALK	Fusion	True
2883	BRAF	NRF1::BRAF	Fusion	True
2762	NRG1	NRG1 FUSIONS	Fusion	False
3740	NTRK1	NTRK1 amplification	Copy Number	False
340	DKK1	NUCLEAR EXPRESSION	Expression	True
368	BIRC5	NUCLEAR EXPRESSION	Expression	True
391	IGF1R	NUCLEAR EXPRESSION	Expression	True
438	PSMB8	NUCLEAR EXPRESSION	Expression	True
439	PBK	NUCLEAR EXPRESSION	Expression	True
490	HSPH1	NUCLEAR EXPRESSION	Expression	True
494	PIM1	NUCLEAR EXPRESSION	Expression	True
364	ERBB4	NUCLEAR TRANSLOCATION	Rearrangements	True
3271	ABL1	NUP153::ABL1	Fusion	True
2660	ABL1	NUP214::ABL1	Fusion	True
3111	NUP98	NUP98::KDM5A	Fusion	False
2593	NUP98	NUP98::NSD1	Fusion	True
2376	ABL1	Non-P-Loop Mutation	Region Defined Variant	True
2408	BRAF	Non-V600	Region Defined Variant	True
3297	VHL	Null (11 kb 3' deletion)	Gene Function	False
2016	VHL	Null (Complete deletion)	Gene Function	False
2182	VHL	Null (Large deletion)	Gene Function	True
1947	VHL	Null (Partial deletion of 4.6 Kb)	Gene Function	False
2082	VHL	Null (Partial deletion of Exon 1)	Other	False
1951	VHL	Null (Partial deletion of Exon 2)	Other	False
1952	VHL	Null (Partial deletion of Exon 3)	Other	False
2083	VHL	Null (Partial deletion of Exons 1 & 2)	Other	False
2036	VHL	Null (Partial deletion of Exons 2 & 3)	Other	True
2103	VHL	Null (Partial deletion)	Gene Function	False
1978	VHL		Transcript Variant	False
1979	VHL		Transcript Variant	False
4264	VHL		Transcript Variant	False
3361	VHL	Null (del one VHL allele)	Gene Function	False
3180	VHL	Null (deletion)	Gene Function	False
3188	VHL	Null (large 3' deletion)	Gene Function	False
3262	VHL	Null (point mutation codon 238)	Gene Function	False
3296	VHL	Null (rearrangement)	Other	False
2974	JAK2	OFD1::JAK2	Fusion	True
21	CCND2	OVEREXPRESSION	Expression	True
205	NCOA3	OVEREXPRESSION	Expression	True
296	RIT1	OVEREXPRESSION	Expression	True
305	SYK	OVEREXPRESSION	Expression	True
345	SPHK1	OVEREXPRESSION	Expression	True
348	PBK	OVEREXPRESSION	Expression	True
359	AR	OVEREXPRESSION	Expression	True
378	PTP4A3	OVEREXPRESSION	Expression	True
396	JAK1	OVEREXPRESSION	Expression	True
434	HIF1A	OVEREXPRESSION	Expression	True
440	PTTG1	OVEREXPRESSION	Expression	True
796	RRM2	OVEREXPRESSION	Expression	True
1299	MERTK	OVEREXPRESSION	Expression	True
2362	PIK3CA	OVEREXPRESSION	Expression	False
2419	NR2F2	OVEREXPRESSION	Expression	False
2586	PARP1	OVEREXPRESSION	Expression	True
2917	LYN	OVEREXPRESSION	Expression	True
2981	WDR12	OVEREXPRESSION	Expression	False
2982	PLK1	OVEREXPRESSION	Expression	False
3112	PALB2	Oncogenic Mutations (loss of function alterations)	Other	False
20	CCND1	Overexpression	Expression	True
24	CCNE1	Overexpression	Expression	True
152	BCL2	Overexpression	Expression	True
156	IGF2	Overexpression	Expression	True
181	AURKA	Overexpression	Expression	True
193	EGFR	Overexpression	Expression	True
289	ERBB3	Overexpression	Expression	True
290	NT5E	Overexpression	Expression	True
291	EZH2	Overexpression	Expression	True
292	MYD88	Overexpression	Expression	True
325	FGFR3	Overexpression	Expression	True
346	CASP8	Overexpression	Expression	True
347	TYMS	Overexpression	Expression	True
377	TIMP1	Overexpression	Expression	True
408	ABCC10	Overexpression	Expression	True
435	EPAS1	Overexpression	Expression	True
472	ALDH1A2	Overexpression	Expression	True
481	DDX43	Overexpression	Expression	True
483	TBK1	Overexpression	Expression	True
486	HAVCR2	Overexpression	Expression	True
525	B4GALT1	Overexpression	Expression	True
529	SIRT1	Overexpression	Expression	True
539	PTPN11	Overexpression	Expression	True
547	RB1	Overexpression	Expression	True
578	BIRC5	Overexpression	Expression	True
597	RET	Overexpression	Expression	True
602	CDK6	Overexpression	Expression	True
603	FLT3	Overexpression	Expression	True
607	ESR1	Overexpression	Expression	True
619	PTGS2	Overexpression	Expression	False
621	MET	Overexpression	Expression	True
639	JUN	Overexpression	Expression	True
640	FOS	Overexpression	Expression	True
653	ETV4	Overexpression	Expression	True
693	SGK1	Overexpression	Expression	True
795	RRM1	Overexpression	Expression	True
858	CSF1	Overexpression	Expression	False
859	ROS1	Overexpression	Expression	False
860	NTRK1	Overexpression	Expression	True
866	MITF	Overexpression	Expression	False
869	YAP1	Overexpression	Expression	False
875	ERBB2	Overexpression	Expression	True
1256	TERT	Overexpression	Expression	False
1259	AEBP1	Overexpression	Expression	False
1273	CTAG1B	Overexpression	Expression	True
1274	CTAG2	Overexpression	Expression	True
1279	BRD4	Overexpression	Expression	False
1301	AKT3	Overexpression	Expression	True
1303	MYC	Overexpression	Expression	True
1306	TP53	Overexpression	Expression	True
1693	CHEK1	Overexpression	Expression	True
1877	ETV1	Overexpression	Expression	False
1878	ETV5	Overexpression	Expression	False
2167	FGFR4	Overexpression	Expression	False
2204	KDR	Overexpression	Expression	False
2239	TPT1	Overexpression	Expression	False
2360	AKT1	Overexpression	Expression	True
2363	PIK3R2	Overexpression	Expression	True
2410	ERCC1	Overexpression	Expression	False
2417	FGFR2	Overexpression	Expression	False
2578	NOTCH3	Overexpression	Expression	False
2584	CDK9	Overexpression	Expression	False
2585	VEGFA	Overexpression	Expression	False
2588	EPOR	Overexpression	Expression	False
2635	ALK	Overexpression	Expression	False
2636	CDK4	Overexpression	Expression	False
2679	WEE1	Overexpression	Expression	False
2717	PSMD4	Overexpression	Expression	False
2739	CRLF2	Overexpression	Expression	False
2784	FGF19	Overexpression	Expression	True
2808	WNT11	Overexpression	Expression	False
2904	FGFR1	Overexpression	Expression	False
2908	TACSTD2	Overexpression	Expression	False
2911	IL6	Overexpression	Expression	True
2915	ABCB1	Overexpression	Expression	True
2944	PDGFRA	Overexpression	Expression	True
2955	STAT1	Overexpression	Expression	False
2970	VEGFC	Overexpression	Expression	False
2973	PDGFRB	Overexpression	Expression	True
2978	MIR21	Overexpression	Expression	False
2980	IL33	Overexpression	Expression	False
2985	CCN2	Overexpression	Expression	False
3006	FOXC2	Overexpression	Expression	False
3007	ZEB1	Overexpression	Expression	False
3008	CUL7	Overexpression	Expression	False
3139	MECOM	Overexpression	Expression	False
3243	ACTL6A	Overexpression	Expression	False
3249	MYCN	Overexpression	Expression	False
3259	IGF1R	Overexpression	Expression	True
3277	ZHX2	Overexpression	Expression	False
3279	HDAC2	Overexpression	Expression	False
3306	HDAC9	Overexpression	Expression	False
3307	FOXF1	Overexpression	Expression	False
3568	JAK2	Overexpression	Expression	False
3569	STAT5B	Overexpression	Expression	False
3598	DDR2	Overexpression	Expression	False
3599	HDAC6	Overexpression	Expression	False
3646	HOXC10	Overexpression	Expression	False
3728	SLC29A1	Overexpression	Expression	True
3731	KIT	Overexpression	Expression	False
3732	HSP90B1	Overexpression	Expression	False
3733	KRAS	Overexpression	Expression	False
3734	COX2	Overexpression	Expression	False
3735	BRAF	Overexpression	Expression	False
3746	CCNE2	Overexpression	Expression	False
4237	AURKB	Overexpression	Expression	False
4297	FGFR1	Overexpression	Expression	False
3415	AR	Overexpression of AR-V9	Expression	False
3324	VEGFA	Overexpression of VEGF121	Expression	False
3325	VEGFA	Overexpression of VEGF121 and VEGF110	Expression	False
2375	ABL1	P-Loop Mutation	Region Defined Variant	True
3248	VHL		Transcript Variant	False
1682	ARID1A	P1175FS*5	Protein Consequence	True
4265	VHL		Transcript Variant	False
2495	VHL	P138fs (c.410dup)	Copy Number	False
2526	VHL		Transcript Variant	False
2732	TP53	P153	Protein Consequence	False
3162	VHL		Transcript Variant	False
4262	VHL		Transcript Variant	False
2879	VHL		Transcript Variant	False
2274	VHL		Transcript Variant	False
4263	VHL		Transcript Variant	False
3353	VHL		Transcript Variant	False
207	NOTCH1	P2514FS	Protein Consequence	True
4165	VHL		Transcript Variant	False
3087	VHL		Transcript Variant	False
2726	TP53	P278	Protein Consequence	False
3491	VHL		Transcript Variant	False
4176	VHL		Transcript Variant	False
2350	CRLF2	P2RY8::CRLF2	Fusion	False
2090	VHL		Transcript Variant	True
4233	VHL		Transcript Variant	False
756	MLH1	P536FS	Protein Consequence	True
4202	VHL		Transcript Variant	False
2474	VHL		Transcript Variant	False
3076	VHL		Transcript Variant	False
2303	VHL		Transcript Variant	False
2263	VHL		Transcript Variant	False
2121	VHL		Transcript Variant	False
2014	VHL		Transcript Variant	True
2546	VHL		Transcript Variant	False
4224	AKT1	P68-C77dup	Copy Number	False
4080	VHL		Transcript Variant	False
1955	VHL		Transcript Variant	True
4097	VHL		Transcript Variant	False
41	ERBB2	P780INS	Rearrangements	True
3298	VHL		Transcript Variant	False
3185	VHL		Transcript Variant	False
2496	VHL		Transcript Variant	False
1942	VHL		Transcript Variant	False
2306	VHL		Transcript Variant	False
3190	VHL		Transcript Variant	False
477	BRCA1	P968FS	Protein Consequence	True
2515	VHL		Transcript Variant	False
3199	VHL		Transcript Variant	False
3525	ABL2	PAG1::ABL2	Fusion	False
286	BRAF	PAPSS1::BRAF	Fusion	True
2582	FOXO1	PAX3::FOXO1	Fusion	True
2861	JAK2	PAX5::JAK2	Fusion	True
2583	FOXO1	PAX7::FOXO1	Fusion	True
209	PAX8	PAX8::PPARG	Fusion	True
571	JAK2	PCM1::JAK2	Fusion	True
2289	NTRK1	PDE4DIP::NTRK1	Fusion	True
387	EIF4EBP1	PHOSPHORYLATION	Epigenetic Modification	True
395	RPS6	PHOSPHORYLATION	Epigenetic Modification	True
632	RB1	PHOSPHORYLATION	Epigenetic Modification	True
108	PML	PML::RARA	Fusion	True
3025	PML	PML::RARA A216T	Fusion	False
462	PML	PML::RARA A216V	Fusion	True
463	PML	PML::RARA L218P	Fusion	True
3024	PML	PML::RARA S214L	Fusion	False
2848	JAK2	PPFIBP1::JAK2	Fusion	True
617	BRAF	PPFIBP2::BRAF	Fusion	True
3235	PRKAR1A	PRKAR1A LOH, allelic imbalance 17q	Genotypes Compound	False
22	CCND2	PROMOTER DEMETHYLATION	Epigenetic Modification	True
2254	DBI	PROMOTER DEMETHYLATION	Epigenetic Modification	False
711	KLLN	PROMOTER METHYLATION	Epigenetic Modification	True
2916	PRPS1	PRPS1 MUTATION	Region Defined Variant	True
2683	PTK2B	PTK2B::KDM6A	Fusion	False
2684	PTK2B	PTK2B::STAG2	Fusion	False
4189	VHL		Transcript Variant	False
2184	VHL	Partial deletion of 0.7 Kb	Region Defined Variant	False
4200	VHL	Partial deletion of 0.8 kb	Region Defined Variant	False
2185	VHL	Partial deletion of 1 Kb	Region Defined Variant	False
2186	VHL	Partial deletion of 1.2 Kb	Region Defined Variant	False
2187	VHL	Partial deletion of 1.5 Kb	Region Defined Variant	False
3999	VHL	Partial deletion of 10 Kb	Region Defined Variant	False
2188	VHL	Partial deletion of 11 Kb	Region Defined Variant	False
2189	VHL	Partial deletion of 12 Kb	Region Defined Variant	False
3095	VHL	Partial deletion of 2 Kb	Region Defined Variant	False
2191	VHL	Partial deletion of 3 Kb	Region Defined Variant	False
2190	VHL	Partial deletion of 3.5 Kb	Region Defined Variant	False
2492	VHL	Partial deletion of 4 Kb	Region Defined Variant	False
2193	VHL	Partial deletion of 7 Kb	Region Defined Variant	False
2192	VHL	Partial deletion of 7.5 Kb	Region Defined Variant	False
2194	VHL	Partial deletion of 8.2 Kb	Region Defined Variant	False
3466	NTRK1	Point Mutations	Other	False
3467	NTRK3	Point Mutations	Other	False
27	CDKN2A	Promoter Hypermethylation	Epigenetic Modification	True
333	PTPRT	Promoter Hypermethylation	Epigenetic Modification	True
374	NAPRT	Promoter Hypermethylation	Epigenetic Modification	True
85	MGMT	Promoter Methylation	Epigenetic Modification	True
220	TERT	Promoter Mutation	Region Defined Variant	True
2443	VHL		Transcript Variant	False
2267	VHL		Transcript Variant	False
2321	VHL		Transcript Variant	False
2155	VHL		Transcript Variant	False
2525	VHL		Transcript Variant	False
127	U2AF1	Q157P/R	Protein Consequence	True
4212	VHL		Transcript Variant	False
4094	VHL		Transcript Variant	False
2383	VHL		Transcript Variant	False
3657	VHL		Transcript Variant	False
507	GNAQ	Q209	Protein Consequence	True
558	GNA11	Q209	Protein Consequence	True
4435	BAP1	Q267fs	Protein Consequence	False
744	MLH1	Q426FS	Protein Consequence	True
3326	FLT3	Q575Î”	Other	False
94	NRAS	Q61	Protein Consequence	True
203	KRAS	Q61	Protein Consequence	True
2570	HRAS	Q61	Protein Consequence	True
1105	KRAS	Q61FS	Protein Consequence	False
2002	VHL		Transcript Variant	False
2444	VHL		Transcript Variant	False
2131	VHL		Transcript Variant	True
3145	VHL		Transcript Variant	False
4110	VHL		Transcript Variant	False
2251	VHL		Transcript Variant	False
4000	RAF1	QKI-RAF1	Fusion	True
3176	VHL		Transcript Variant	False
4227	VHL		Transcript Variant	False
3029	BCL2	R107_R110dup	Copy Number	False
3132	VHL		Transcript Variant	False
4085	VHL		Transcript Variant	False
2021	VHL	R108dup (c.322_324dup)	Copy Number	True
3633	VHL		Transcript Variant	False
3656	VHL		Transcript Variant	False
2537	VHL		Transcript Variant	False
2552	VHL		Transcript Variant	False
2996	ARID2		Transcript Variant	False
58	IDH1	R132	Protein Consequence	True
804	RUNX1	R135FSX177	Protein Consequence	True
62	IDH2	R140	Protein Consequence	True
4096	VHL		Transcript Variant	False
2273	VHL		Transcript Variant	False
3103	VHL		Transcript Variant	False
4167	VHL		Transcript Variant	False
4166	VHL		Transcript Variant	False
3121	VHL		Transcript Variant	False
4180	VHL		Transcript Variant	False
4210	VHL		Transcript Variant	False
4239	VHL		Transcript Variant	False
2486	VHL		Transcript Variant	False
1779	VHL		Transcript Variant	False
199	IDH2	R172	Protein Consequence	True
3187	VHL		Transcript Variant	False
3355	VHL		Transcript Variant	False
4266	VHL		Transcript Variant	False
3191	VHL		Transcript Variant	False
2181	VHL		Transcript Variant	True
3044	VHL		Transcript Variant	False
3192	VHL		Transcript Variant	False
4190	VHL		Transcript Variant	False
4208	VHL		Transcript Variant	False
876	GNAS	R201	Protein Consequence	True
4095	VHL		Transcript Variant	False
3658	VHL		Transcript Variant	False
2723	TP53	R248	Protein Consequence	False
119	TP53	R249	Protein Consequence	True
2725	TP53	R273	Protein Consequence	False
2965	RUNX1		Transcript Variant	False
3134	SDHA		Transcript Variant	False
2597	DICER1	R392fs and E1813D	Protein Consequence	False
2959	CHEK2		Transcript Variant	True
1964	VHL		Transcript Variant	True
735	MLH1	R687FS	Protein Consequence	True
2510	VHL		Transcript Variant	False
4079	VHL		Transcript Variant	False
1948	VHL		Transcript Variant	True
1165	ATM	R777FS	Protein Consequence	False
4204	VHL		Transcript Variant	False
2448	VHL		Transcript Variant	True
3013	VHL		Transcript Variant	False
2264	VHL		Transcript Variant	True
3411	TEK	R849W and R1108*	Protein Consequence	False
32	DNMT3A	R882	Protein Consequence	True
3268	ABL1	RANBP2::ABL1	Fusion	True
514	ALK	RANBP2::ALK	Fusion	True
3116	RBM15	RBM15::MKL1	Fusion	False
3207	MET	RBPMS::MET	Fusion	False
2681	ABL1	RCSD1::ABL1	Fusion	True
2891	RCSD1	RCSD1::ABL1	Fusion	False
3526	ABL2	RCSD1::ABL2	Fusion	False
3527	CSF1R	RCSD1::ABL2	Fusion	False
2865	JAK2	RFX3::JAK2	Fusion	True
332	FNTB	RS11623866	Other	True
338	MGMT	RS16906252	Other	True
643	CBLB	RS2305035	Other	True
421	TERT	RS2736100	Other	True
699	SH2B3	RS3184504	Other	True
779	TYMS	RS34743033	Other	True
642	MDM2	RS34886328	Other	True
482	KIT	RS3733542	Other	True
641	CDKN2A	RS3814960	Other	True
331	WEE1	RS3910384	Other	True
777	SLCO1B1	RS4149056	Other	True
445	ETS2	RS461155	Other	True
548	PPP1R15A	RS557806	Other	True
254	KRAS	RS61764370	Other	True
740	DPYD	RS67376798 HOMOZYGOSITY	Other	True
255	ERCC5	RS751402	Other	True
3126	RUNX1	RUNX1::RUNX1T1	Fusion	False
1863	EGFR	Rare Exon 18-21 Mutation	Region Defined Variant	True
2334	EGFR	Rare Mutation	Other	True
3222	PIK3CA	Rare Mutation	Other	True
269	ROS1	Rearrangement	Rearrangements	True
2439	VHL	Rearrangement	Rearrangements	True
3141	KMT2A	Rearrangement	Rearrangements	False
4003	PDGFB	Rearrangement 	Rearrangements	False
4338	CRLF2	Rearrangement 	Rearrangements	False
3747	VHL		Transcript Variant	False
4171	VHL		Transcript Variant	False
3080	VHL	S139fs	Protein Consequence	False
2316	VHL		Transcript Variant	False
616	B2M	S14FS	Protein Consequence	True
4154	VHL		Transcript Variant	False
2856	ROS1	S1986Y/F	Protein Consequence	False
138	NOTCH1	S2275FS	Protein Consequence	True
497	ERBB2	S310F/Y	Protein Consequence	True
128	U2AF1	S34Y/F	Protein Consequence	True
4076	VHL		Transcript Variant	False
4231	VHL		Transcript Variant	False
3257	AKT1	S473 Phosphorylation	Epigenetic Modification	True
3329	FLT3	S574Î”	Other	False
4099	VHL		Transcript Variant	False
2535	VHL		Transcript Variant	False
1676	FBXW7	S668FS*39	Protein Consequence	False
720	EGFR	S720	Protein Consequence	True
3015	VHL		Transcript Variant	False
3704	VHL		Transcript Variant	False
2462	VHL		Transcript Variant	False
1511	EGFR	S768_D770dup	Copy Number	True
4109	VHL		Transcript Variant	False
4184	VHL		Transcript Variant	False
451	ABCB1	S893A/T	Protein Consequence	True
4253	NTRK1	SCP2::NTRK1	Fusion	False
2179	NRG1	SDC4::NRG1	Fusion	True
4251	EGFR	SEC61G::EGFR	Fusion	False
416	ERBB2	SERUM LEVELS	Expression	True
487	MMP2	SERUM LEVELS	Expression	True
488	MMP9	SERUM LEVELS	Expression	True
3287	ABL1	SFPQ::ABL1	Fusion	True
411	STAT3	SH2 DOMAIN MUTATION	Region Defined Variant	True
3986	SH3PXD2A	SH3PXD2A::HTRA1	Fusion	False
2166	NRG1	SLC3A2::NRG1	Fusion	True
2975	JAK2	SMU1::JAK2	Fusion	True
536	SULT1E1	SNP	Region Defined Variant	False
495	MDM2	SNP309	Protein Consequence	True
2976	JAK2	SNX29::JAK2	Fusion	True
2678	ABL1	SNX2::ABL1	Fusion	True
478	AR	SPLICE VARIANT 7	Other	False
800	NTRK1	SQSTM1::NTRK1	Fusion	True
448	SSX1	SS18::SSX1	Fusion	True
449	SSX2	SS18::SSX2	Fusion	True
450	SSX4	SS18::SSX4	Fusion	True
3566	CSF1R	SSBP2::CSF1R	Fusion	False
2661	JAK2	SSBP2::JAK2	Fusion	True
2849	JAK2	STRN3::JAK2	Fusion	True
2218	ALK	STRN::ALK	Fusion	True
2287	NTRK2	STRN::NTRK2	Fusion	True
3108	VHL	Single Allele Deletion	Genotypes Compound	False
4425	SMARCB1	Single nucleotide variant	Region Defined Variant	False
2518	VHL		Transcript Variant	False
4162	VHL		Transcript Variant	False
4226	VHL		Transcript Variant	False
3107	VHL		Transcript Variant	False
4086	VHL		Transcript Variant	False
4254	VHL		Transcript Variant	False
4255	VHL		Transcript Variant	False
4256	VHL		Transcript Variant	False
4257	VHL		Transcript Variant	False
4258	VHL		Transcript Variant	False
4259	VHL		Transcript Variant	False
4243	VHL		Transcript Variant	False
3436	VHL		Transcript Variant	False
2457	VHL		Transcript Variant	False
3370	VHL		Transcript Variant	False
3150	VHL		Transcript Variant	False
2471	VHL		Transcript Variant	False
4235	VHL		Transcript Variant	False
1954	VHL		Transcript Variant	False
3409	TEK	T1105N and T1106N	Protein Consequence	False
4389	ALK	T1151dup	Copy Number	True
4205	VHL		Transcript Variant	False
3479	VHL		Transcript Variant	False
2314	VHL		Transcript Variant	False
3738	VHL		Transcript Variant	False
2556	VHL		Transcript Variant	False
810	RUNX1	T148HFSX9	Protein Consequence	True
2091	VHL		Transcript Variant	True
2092	VHL		Transcript Variant	True
2094	VHL		Transcript Variant	False
491	HSPH1	T17 DELETION	Region Defined Variant	True
2733	TP53	T170	Protein Consequence	False
385	PRKAA2	T172 PHOSPHORYLATION	Epigenetic Modification	True
2142	VHL		Transcript Variant	True
1298	BRAF	T599dup	Copy Number	False
3517	ZNF384	TAF15::ZNF384	Fusion	False
3359	CSF1R	TBL1XR1::CSF1R	Fusion	True
2862	JAK2	TERF2::JAK2	Fusion	True
3730	TFE3	TFE3 fusion	Fusion	False
4074	TFEB	TFEB amplification	Copy Number	False
576	ROS1	TFG::ROS1	Fusion	True
2669	TGFBR3	TGFBR3	Protein Consequence	False
56	FLT3	TKD MUTATION	Gene Function	True
2371	ABL1	TKD MUTATION	Gene Function	True
3128	TLX3	TLX3::BCL11B	Fusion	False
195	ERG	TMPRSS2::ERG	Fusion	True
707	TMPRSS2	TMPRSS2::ERG	Fusion	False
3473	TNC	TNC-L	Expression	False
774	PDGFRA	TNKS2::PDGFRA	Fusion	True
3486	TOP2A	TOP2A/90	Other	False
2992	NTRK1	TPM3::NTRK1	Fusion	True
4469	ALK	TPM4::ALK	Fusion	False
2850	JAK2	TPR::JAK2	Fusion	True
3465	NTRK1	TPR::NTRK1	Fusion	False
287	BRAF	TRIM24::BRAF	Fusion	True
4499	FGFR1	TRIM24::FGFR1	Fusion	False
2393	NTRK1	TRIM63::NTRK1	Fusion	True
739	FOS	TRUNCATING FUSION	Fusion	True
590	BIRC3	TRUNCATING MUTATION	Protein Consequence	True
708	BRCA2	TRUNCATING MUTATION	Protein Consequence	True
3110	CREBBP	TRUNCATING MUTATIONS AND DELETERIOUS SUBSTITUTIONS	Protein Consequence	False
4432	SNCAIP	Tandem duplication	Copy Number	False
4026	FGFR2	Translocation	Rearrangements	False
4027	FGFR3	Translocation	Rearrangements	False
4428	MYC	Translocation	Rearrangements	False
4429	BCL2	Translocation	Rearrangements	False
4430	BCL6	Translocation	Rearrangements	False
4500	FGFR1	Translocation	Rearrangements	False
223	TP53	Truncating Mutation	Protein Consequence	True
729	UGT1A1	UGT1A1*28	Genotypes Easy	True
732	UGT1A1	UGT1A1*60	Genotypes Easy	True
417	THBS2	UNDEREXPRESSION	Expression	True
441	LEPR	UNDEREXPRESSION	Expression	True
446	KRT18	UNDEREXPRESSION	Expression	True
498	MIR218-1	UNDEREXPRESSION	Expression	True
2418	SPRY2	UNDEREXPRESSION	Expression	False
2863	JAK2	USP25::JAK2	Fusion	True
179	ATM	Underexpression	Expression	True
282	SMAD4	Underexpression	Expression	True
304	STK11	Underexpression	Expression	True
349	SMARCA4	Underexpression	Expression	True
382	TYMS	Underexpression	Expression	True
403	BRCA1	Underexpression	Expression	True
422	STAG2	Underexpression	Expression	True
473	ALDH1A2	Underexpression	Expression	True
475	CIP2A	Underexpression	Expression	True
648	ATRX	Underexpression	Expression	True
654	STAG3	Underexpression	Expression	True
695	SMARCB1	Underexpression	Expression	True
867	MTAP	Underexpression	Expression	True
868	VPS37A	Underexpression	Expression	True
1255	MGMT	Underexpression	Expression	True
1257	RRM1	Underexpression	Expression	True
2108	ARID1A	Underexpression	Expression	True
2164	CX3CL1	Underexpression	Expression	False
2384	PBLD	Underexpression	Expression	False
2386	ERRFI1	Underexpression	Expression	False
2392	PTPN6	Underexpression	Expression	False
2409	ERCC1	Underexpression	Expression	True
2412	FGFR2	Underexpression	Expression	False
2718	CCNE1	Underexpression	Expression	False
3459	AR	V1 expression	Expression	False
2539	VHL		Transcript Variant	False
1167	ATM	V1268FS	Protein Consequence	False
2086	VHL		Transcript Variant	False
4246	VHL		Transcript Variant	False
3366	VHL		Transcript Variant	False
4198	VHL		Transcript Variant	False
2046	VHL		Transcript Variant	True
3985	VHL		Transcript Variant	False
2477	VHL		Transcript Variant	False
3748	VHL		Transcript Variant	False
4091	VHL		Transcript Variant	False
4279	VHL		Transcript Variant	False
3089	VHL		Transcript Variant	False
3362	VHL		Transcript Variant	False
2325	VHL		Transcript Variant	False
3086	VHL		Transcript Variant	False
1977	VHL		Transcript Variant	True
750	MLH1	V213FS	Protein Consequence	True
137	NOTCH1	V2444FS	Protein Consequence	True
762	MSH2	V273FS	Protein Consequence	True
605	PTEN	V317FS	Protein Consequence	True
1316	KIT	V559	Protein Consequence	False
3461	AR	V567es expression	Expression	False
17	BRAF	V600	Protein Consequence	True
2820	BRAF	V600_K601>E	Rearrangements	True
2821	BRAF	V600_S602>DT	Rearrangements	False
3184	VHL		Transcript Variant	True
2509	VHL		Transcript Variant	False
3189	VHL		Transcript Variant	False
3261	VHL		Transcript Variant	False
2447	VHL		Transcript Variant	True
2099	VHL		Transcript Variant	True
362	AR	V7 EXPRESSION	Expression	True
2445	VHL		Transcript Variant	False
4281	VHL		Transcript Variant	False
1310	ERBB2	V773	Protein Consequence	False
2548	VHL		Transcript Variant	False
4179	VHL		Transcript Variant	False
3741	VHL		Transcript Variant	False
2159	AR	V9 EXPRESSION	Expression	False
3729	TFE3	VCF::TFE3	Fusion	False
3701	NTRK2	VCL::NTRK2	Fusion	True
3303	CHD7	VCV000625197, Translocation (t(8;X)(q12.2;p22.13)), CHD7â€“BEND2 fusion	Other	False
3321	VEGFA	VEGF165b Overexpression	Expression	False
312	EGFR	VIII	Gene Function	True
4242	EGFR	VOPP1::EGFR	Fusion	False
2470	VHL		Transcript Variant	False
3142	VHL		Transcript Variant	False
3715	VHL		Transcript Variant	False
2027	VHL	W117fs (c.349dup)	Copy Number	True
3634	VHL		Transcript Variant	False
2728	TP53	W146	Protein Consequence	False
87	NPM1	W288FS	Protein Consequence	True
176	AR	W742	Protein Consequence	True
2299	VHL	W88fs (c.261dup)	Copy Number	True
2228	BRAF	WASFL::BRAF	Fusion	True
426	BRAF	WILD TYPE	Genotypes Easy	True
2366	PTEN	WILD TYPE	Genotypes Easy	False
2651	KIT	WILDTYPE	Genotypes Easy	True
742	WWTR1	WWTR1::CAMTA1	Fusion	True
369	TP53	Wildtype	Genotypes Easy	True
2174	EGFR	Wildtype	Genotypes Easy	True
2590	PIK3CA	Wildtype	Genotypes Easy	True
3200	KRAS	Wildtype	Genotypes Easy	True
4465	NRAS	Wildtype	Genotypes Easy	False
390	EGFR	Y1092 PHOSPHORYLATION	Epigenetic Modification	True
3739	VHL		Transcript Variant	False
245	NF2	Y177fs	Protein Consequence	True
2720	TP53	Y205	Protein Consequence	False
3327	FLT3	Y572Î”	Other	False
165	EZH2	Y646	Protein Consequence	True
3055	FLT3	Y693	Protein Consequence	False
1672	EGFR	Y69FS*11	Protein Consequence	False
414	ERBB2	Y772_A775DUP	Copy Number	True
3410	TEK	Y897C and R915C	Protein Consequence	False
3352	VHL		Transcript Variant	False
2450	VHL		Transcript Variant	False
3578	ABL2	ZC3HAV1::ABL2	Fusion	False
657	BRAF	ZKSCAN1::BRAF	Fusion	True
3269	ABL1	ZMIZ1::ABL1	Fusion	True
4496	FGFR1	ZMYM2::FGFR1	Fusion	False
466	FGFR1	ZNF198::FGFR1	Fusion	True
2864	JAK2	ZNF274::JAK2	Fusion	True
2977	JAK2	ZNF430::JAK2	Fusion	True
3481	ESR2	alternative transcripts	Other	False
3477	ESR2	beta-2 and beta-5	Other	False
4466	TERT		Transcript Variant	False
3021	VHL		Transcript Variant	False
3034	VHL		Transcript Variant	False
2634	VHL		Transcript Variant	False
3174	VHL		Transcript Variant	False
2633	VHL		Transcript Variant	False
3035	VHL		Transcript Variant	False
2373	VHL		Transcript Variant	True
3727	FLCN		Transcript Variant	True
3002	NF2		Transcript Variant	True
3267	CBL		Transcript Variant	False
2884	CDKN2A		Transcript Variant	True
3404	PTEN		Transcript Variant	False
2374	VHL		Transcript Variant	False
4151	VHL		Transcript Variant	False
4228	VHL		Transcript Variant	False
4213	VHL		Transcript Variant	False
4209	VHL		Transcript Variant	False
3041	VHL		Transcript Variant	False
4178	VHL		Transcript Variant	False
2435	VHL		Transcript Variant	True
4197	VHL		Transcript Variant	False
4152	VHL		Transcript Variant	False
3088	VHL		Transcript Variant	False
3365	VHL		Transcript Variant	False
3159	VHL		Transcript Variant	False
4173	VHL		Transcript Variant	False
2507	VHL		Transcript Variant	False
4157	VHL		Transcript Variant	False
3047	VHL		Transcript Variant	False
3039	VHL		Transcript Variant	False
3050	ATM		Transcript Variant	True
3051	ATM		Transcript Variant	True
2433	VHL		Transcript Variant	False
3049	ATM		Transcript Variant	True
3101	VHL		Transcript Variant	False
4191	VHL		Transcript Variant	False
2431	VHL		Transcript Variant	True
3511	CD19	delta-ex2, delta-ex5-6	Other	False
3487	BRCA1	delta11q	Other	False
3482	LGR5	delta5	Other	False
2349	IL7R	exon 6 mutations	Region Defined Variant	False
3752	SSTR5	expression	Expression	True
4416	EZH2	expression	Expression	True
4406	EGFR	fusion	Fusion	False
2807	BRCA1	gBRCAm	Other	False
2226	BRAF	intron 10 rearrangement	Rearrangements	True
2225	BRAF	intron 9 rearrangement	Rearrangements	True
2814	DRD5	low expression	Expression	False
3323	VEGFA	low ratio of VEGF165b/VEGFtotal	Expression	False
2845	HOXD8	mutation	Region Defined Variant	False
4436	CHEK2	mutation	Region Defined Variant	True
4463	TSC1	mutation	Region Defined Variant	False
4464	TSC2	mutation	Region Defined Variant	False
3322	VEGFA	overexpression of VEGF-Axxxa	Expression	False
2411	SDHB	p.193_196dupSTSC (c.577_588dupAGCACCAGCTGC)	Copy Number	True
4247	VHL		Transcript Variant	False
3057	GATA1	p.Ser51Alafs*86	Protein Consequence	False
272	CDKN2A	p16 Expression	Expression	True
3512	BRAF	p61BRAF(V600E)	Genotypes Easy	False
3313	CDKN1A	rs1059234	Other	True
2787	PRNCR1	rs1456315	Other	False
256	KIT	rs17084733	Other	True
2671	CDKN1A	rs1801270	Other	True
3314	CDKN1A	rs1801270 and rs1059234	Other	False
705	GADD45A	rs681673	Other	True
3703	GALNT14	rs9679162	Other	False
4284	VHL	t(1;3)(p36.3;p25)	Rearrangements	False
2429	VHL	t(1;3)(q32;q13.3)	Rearrangements	False
2876	VHL	t(2;3)(q35;q21)	Rearrangements	False
3265	VHL	t(3;12)(q13.13;q24.23)	Rearrangements	False
4009	VHL	t(3;12)(q13.2;q24.1)	Rearrangements	False
3524	MECOM	t(3;21)(q26.2;q22)	Rearrangements	False
3264	VHL	t(3;6)(p12.3;q24.3)	Rearrangements	False
4008	VHL	t(3;6)(p13;q25.1)	Rearrangements	False
3351	VHL	t(3;8)(p13;q24.1)	Rearrangements	False
3478	ESR2	underexpression beta-1	Other	False
3508	CD274	v242	Protein Consequence	False
2422	NTRK3	~DEPRECATED-ETV6-NTRK3	Other	False
