variant_id	query	query_type	variant_accepted	exception_raised	message	warnings
748	MLH1 *757L	protein	True	False	unable to normalize	"[""Unable to find valid result for classifications: {'protein substitution'}""]"
3718	AR A748V	protein	False	False	unable to normalize	"[""Unable to find valid result for classifications: {'protein substitution'}""]"
3725	AR A765T	protein	False	False	unable to normalize	"[""Unable to find valid result for classifications: {'protein substitution'}""]"
248	TERT C228T	protein	True	False	unable to normalize	"[""Unable to find valid result for classifications: {'protein substitution'}""]"
4004	TERT C250T	protein	False	False	unable to normalize	"[""Unable to find valid result for classifications: {'protein substitution'}""]"
3706	AR D221H	protein	False	False	unable to normalize	"[""Unable to find valid result for classifications: {'protein substitution'}""]"
3713	AR D528G	protein	False	False	unable to normalize	"[""Unable to find valid result for classifications: {'protein substitution'}""]"
2833	NECTIN4 D594H	protein	False	False	unable to normalize	"[""Unable to find valid result for classifications: {'protein substitution'}""]"
2514	3-10183806-A-CC	genomic	False	False	unable to normalize	['Unable to find valid result for classifications: set()']
3707	AR E198G	protein	False	False	unable to normalize	"[""Unable to find valid result for classifications: {'protein substitution'}""]"
4420	HBB E6V	protein	False	False	unable to normalize	"[""Unable to find valid result for classifications: {'protein substitution'}""]"
457	FCGR3A F212V	protein	True	False	unable to normalize	"[""Unable to find valid result for classifications: {'protein substitution'}""]"
3450	BRAF F594L	protein	False	False	unable to normalize	"[""Unable to find valid result for classifications: {'protein substitution'}""]"
3793	TP53 G177E	protein	False	False	unable to normalize	"[""Unable to find valid result for classifications: {'protein substitution'}""]"
3152	GNA11 G209P	protein	False	False	unable to normalize	"[""Unable to find valid result for classifications: {'protein substitution'}""]"
3153	GNAQ G209P	protein	False	False	unable to normalize	"[""Unable to find valid result for classifications: {'protein substitution'}""]"
3443	BRAF G465A	protein	False	False	unable to normalize	"[""Unable to find valid result for classifications: {'protein substitution'}""]"
3441	BRAF G468A	protein	False	False	unable to normalize	"[""Unable to find valid result for classifications: {'protein substitution'}""]"
4298	FGFR3 G802_X807del	protein	False	False	unable to normalize	"[""Unable to find valid result for classifications: {'protein deletion'}""]"
3448	BRAF I462S	protein	False	False	unable to normalize	"[""Unable to find valid result for classifications: {'protein substitution'}""]"
2137	3-10191481-GAA-C	genomic	True	False	unable to normalize	['Unable to find valid result for classifications: set()']
3023	PML K227_T233del	protein	False	False	unable to normalize	"[""Unable to find valid result for classifications: {'protein deletion'}""]"
2815	H3C2 K27M	protein	True	False	unable to normalize	"[""Unable to find valid result for classifications: {'protein substitution'}""]"
3939	H3-3A K27M	protein	False	False	unable to normalize	"[""Unable to find valid result for classifications: {'protein substitution'}""]"
3944	H3C14 K27M	protein	False	False	unable to normalize	"[""Unable to find valid result for classifications: {'protein substitution'}""]"
3594	H3-3A K27R	protein	False	False	unable to normalize	"[""Unable to find valid result for classifications: {'protein substitution'}""]"
2420	H3-3B K36M	protein	True	False	unable to normalize	"[""Unable to find valid result for classifications: {'protein substitution'}""]"
2696	KIT K550_K559DEL	protein	True	False	unable to normalize	"[""Unable to find valid result for classifications: {'protein deletion'}""]"
3455	BRAF K600E	protein	False	False	unable to normalize	"[""Unable to find valid result for classifications: {'protein substitution'}""]"
3714	AR K720E	protein	False	False	unable to normalize	"[""Unable to find valid result for classifications: {'protein substitution'}""]"
4114	TP53 L139N	protein	True	False	unable to normalize	"[""Unable to find valid result for classifications: {'protein substitution'}""]"
424	MYD88 L265P	protein	True	False	unable to normalize	"[""Unable to find valid result for classifications: {'protein substitution'}""]"
1540	PDGFRA L579M	protein	False	False	unable to normalize	"[""Unable to find valid result for classifications: {'protein substitution'}""]"
1309	ERBB2 L638S	protein	False	False	unable to normalize	"[""Unable to find valid result for classifications: {'protein substitution'}""]"
3717	AR L744F	protein	False	False	unable to normalize	"[""Unable to find valid result for classifications: {'protein substitution'}""]"
3435	MYOD1 MYOD1 L122R	protein	False	False	unable to normalize	"[""Unable to find valid result for classifications: {'protein substitution'}""]"
3719	AR N756D	protein	False	False	unable to normalize	"[""Unable to find valid result for classifications: {'protein substitution'}""]"
3711	AR P340L	protein	False	False	unable to normalize	"[""Unable to find valid result for classifications: {'protein substitution'}""]"
3712	AR P504L	protein	False	False	unable to normalize	"[""Unable to find valid result for classifications: {'protein substitution'}""]"
1643	SCN8A Q225X	protein	False	False	unable to normalize	"[""Unable to find valid result for classifications: {'protein substitution'}""]"
2700	CBL Q294E	protein	False	False	unable to normalize	"[""Unable to find valid result for classifications: {'protein substitution'}""]"
3726	AR Q798E	protein	False	False	unable to normalize	"[""Unable to find valid result for classifications: {'protein substitution'}""]"
1975	3-10191506-CGGAGC-T	genomic	False	False	unable to normalize	['Unable to find valid result for classifications: set()']
3069	NTRK3 R248C	protein	False	False	unable to normalize	"[""Unable to find valid result for classifications: {'protein substitution'}""]"
3447	BRAF R461I	protein	False	False	unable to normalize	"[""Unable to find valid result for classifications: {'protein substitution'}""]"
3716	AR R726L	protein	False	False	unable to normalize	"[""Unable to find valid result for classifications: {'protein substitution'}""]"
3674	NOTCH1 S2514A	protein	False	False	unable to normalize	"[""Unable to find valid result for classifications: {'protein substitution'}""]"
3676	NOTCH1 S2514E	protein	False	False	unable to normalize	"[""Unable to find valid result for classifications: {'protein substitution'}""]"
3677	NOTCH1 S2514P	protein	False	False	unable to normalize	"[""Unable to find valid result for classifications: {'protein substitution'}""]"
3709	AR S296R	protein	False	False	unable to normalize	"[""Unable to find valid result for classifications: {'protein substitution'}""]"
3723	AR S759P	protein	False	False	unable to normalize	"[""Unable to find valid result for classifications: {'protein substitution'}""]"
3675	NOTCH1 T2512A	protein	False	False	unable to normalize	"[""Unable to find valid result for classifications: {'protein substitution'}""]"
1546	KIT T417_D419DELTYDINSI	protein	False	False	unable to normalize	"[""Unable to find valid result for classifications: {'protein deletion'}""]"
3445	BRAF T598I	protein	False	False	unable to normalize	"[""Unable to find valid result for classifications: {'protein substitution'}""]"
2624	TP53 V135A	protein	False	False	unable to normalize	"[""Unable to find valid result for classifications: {'protein substitution'}""]"
3446	BRAF V599E	protein	False	False	unable to normalize	"[""Unable to find valid result for classifications: {'protein substitution'}""]"
3453	BRAF V599K	protein	False	False	unable to normalize	"[""Unable to find valid result for classifications: {'protein substitution'}""]"
3454	BRAF V599R	protein	False	False	unable to normalize	"[""Unable to find valid result for classifications: {'protein substitution'}""]"
2825	BRAF V601E	protein	False	False	unable to normalize	"[""Unable to find valid result for classifications: {'protein substitution'}""]"
3721	AR V757A	protein	False	False	unable to normalize	"[""Unable to find valid result for classifications: {'protein substitution'}""]"
3722	AR V757I	protein	False	False	unable to normalize	"[""Unable to find valid result for classifications: {'protein substitution'}""]"
3724	AR Y763C	protein	False	False	unable to normalize	"[""Unable to find valid result for classifications: {'protein substitution'}""]"
