variant_id	query	moa_feature_type	category	vrs_id
71	ABL1 p.T315I	somatic_variant	Protein Consequence	ga4gh:VA.M3CbaYfwomLqvJbdK4w-W7V-zw7LdjGj
73	ABL1 p.T315A	somatic_variant	Protein Consequence	ga4gh:VA.Z9Ygies0W47sv7z1LXuMrD8ql6eFv_Fb
75	ABL1 p.F317L	somatic_variant	Protein Consequence	ga4gh:VA.KthZ0GvMM8IAq73dQ1Bqh9e8Ys0LKL8p
76	ABL1 p.F317V	somatic_variant	Protein Consequence	ga4gh:VA.ZQYG0E49jxi2VTHK3Fmfktzg5KBW0is5
77	ABL1 p.F317I	somatic_variant	Protein Consequence	ga4gh:VA.KNp3-VqwztR6vlk9k4x1XhebBhFX3nFe
78	ABL1 p.F317C	somatic_variant	Protein Consequence	ga4gh:VA.yabDtFWLSKupTecNEMcVNAz9cfqKp6zN
80	ABL1 p.E255K	somatic_variant	Protein Consequence	ga4gh:VA.egYObxBPDqf6cCMPijlIZ0QyLPa3-wO7
81	ABL1 p.E255V	somatic_variant	Protein Consequence	ga4gh:VA.9pODtea47dZXXpsMJ667fBidWbvshZS2
82	ABL1 p.Y253H	somatic_variant	Protein Consequence	ga4gh:VA.R14JDsYJaw2AXsnZnsryvMsWDm3QHZDI
83	ABL1 p.F359V	somatic_variant	Protein Consequence	ga4gh:VA.hjWYzEi6IM-mGx_QsWNNrBLTQEClE3S3
84	ABL1 p.F359C	somatic_variant	Protein Consequence	ga4gh:VA.Pd684Wlp6DAMMDYWF9O4aAMvrpA25ydF
85	ABL1 p.F359I	somatic_variant	Protein Consequence	ga4gh:VA.lFh0aJl2ac78dIMyomiZGrDyCz6hA_U1
97	ABL1 p.V299L	somatic_variant	Protein Consequence	ga4gh:VA.sBWM34QhP2rjVTFWajgauhJ3QeN61TxY
108	ABL1 p.T315I	somatic_variant	Protein Consequence	ga4gh:VA.M3CbaYfwomLqvJbdK4w-W7V-zw7LdjGj
112	AKT1 p.E17K	somatic_variant	Protein Consequence	ga4gh:VA.ulPeadFf5rMg7tG-WFIvGOPgFBgFBmvm
115	ALK p.G1202R	somatic_variant	Protein Consequence	ga4gh:VA.otN-O6TmlrfPGEU-YDDmtdaXLY7zk4Zc
116	ALK p.F1174C	somatic_variant	Protein Consequence	ga4gh:VA.QtaGjdrAZEW4sT-7WAwaCwYghSEdhh8s
117	ALK p.L1196M	somatic_variant	Protein Consequence	ga4gh:VA.rdhnlJk8MzBxdYL4tHC4gHvUyciQw6KW
118	ALK p.G1269A	somatic_variant	Protein Consequence	ga4gh:VA.FuEnPmOTyaN9jQNc1qML9_A5FT64KZAF
119	ALK p.S1206Y	somatic_variant	Protein Consequence	ga4gh:VA.3zaL4c_h9jsZJmXjCeO1he6URh1D0rqs
120	AR p.T878A	somatic_variant	Protein Consequence	ga4gh:VA.92QuivGuiyqCJsmqOnbFNZfrQUC6eOf2
121	AR p.L702H	somatic_variant	Protein Consequence	ga4gh:VA.jLpXngL9t3ngVDCusTkj6FLkCK_QT3lu
122	ARAF p.S214C	somatic_variant	Protein Consequence	ga4gh:VA.thaNPIsobhJxAwkWJ_0BALvT2XyOo6mj
134	ATM p.A1127D	somatic_variant	Protein Consequence	ga4gh:VA.AslIv3xIzYDTc175EDYbFjHvYbZuwCf2
146	BCOR p.N1425S	somatic_variant	Protein Consequence	ga4gh:VA.RnYeelgIkUGa8EveljO5dJOA-ag6CJkE
149	BRAF p.V600E	somatic_variant	Protein Consequence	ga4gh:VA.ZDdoQdURgO2Daj2NxLj4pcDnjiiAsfbO
151	BRAF p.V600K	somatic_variant	Protein Consequence	ga4gh:VA.EReJZvr-VBO8123VDpv4Gvg0jvLZh_gH
250	DNMT3A p.R882H	somatic_variant	Protein Consequence	ga4gh:VA.EPhBezYC3g3EoxzsMN_xcmt4-YZgSwkc
254	EGFR p.T790M	somatic_variant	Protein Consequence	ga4gh:VA.BldHTcxmxpKf1exsSbeuki1jhdek1GaJ
267	EGFR p.L858R	somatic_variant	Protein Consequence	ga4gh:VA.kgjrhgf84CEndyLjKdAO0RxN-e3pJjxA
284	EGFR p.L858R	somatic_variant	Protein Consequence	ga4gh:VA.kgjrhgf84CEndyLjKdAO0RxN-e3pJjxA
286	EGFR p.L858R	somatic_variant	Protein Consequence	ga4gh:VA.kgjrhgf84CEndyLjKdAO0RxN-e3pJjxA
294	ERRFI1 p.E384*	somatic_variant	Protein Consequence	ga4gh:VA.SfZhr3jxZr_-mGixUD0HDQwQIoirkBCB
300	EZH2 p.Y646*	somatic_variant	Protein Consequence	ga4gh:VA.AmHnsLSTJCx_-X2xBhyx9HmhY8kn3iy4
301	EZH2 p.Y646F	somatic_variant	Protein Consequence	ga4gh:VA.fIFZFyzJRiGTt2CRRD2DUSSQ_1cA2dDi
302	EZH2 p.Y646N	somatic_variant	Protein Consequence	ga4gh:VA.zjbm34xh4ZI54ihvCj8XA-nZQMdSF97I
303	EZH2 p.A682G	somatic_variant	Protein Consequence	ga4gh:VA.BMvnGn1upgP_4DhUZzqq7nTrBZeGwlgM
304	EZH2 p.A692V	somatic_variant	Protein Consequence	ga4gh:VA.tHiuDXC6Tt9d5I2QSfMA3oPqwFojDoBp
307	FGFR3 p.R248C	somatic_variant	Protein Consequence	ga4gh:VA.Ef_9GdbuoBbTePILS-NaQJn-_NhrdpoO
308	FGFR3 p.S249C	somatic_variant	Protein Consequence	ga4gh:VA.g3wMkTfExru4z6L-cpP5OgujLJyvQQfV
309	FGFR3 p.G370C	somatic_variant	Protein Consequence	ga4gh:VA.F19w5rQJOPFV5ratrP1qhkNUUEk8l7Ee
310	FGFR3 p.Y373C	somatic_variant	Protein Consequence	ga4gh:VA.Te_5eCSBPCF7A2FyyGRQ5n_86SWBUomZ
317	FLT3 p.F691L	somatic_variant	Protein Consequence	ga4gh:VA.4_yATGhcl_NWTFAxlYcxqJ5JTHfSzaRO
318	FLT3 p.K663Q	somatic_variant	Protein Consequence	ga4gh:VA.FMnRMOr3rTGVayWvCfBuep9v7Hdu2IVT
319	GATA3 p.M294K	somatic_variant	Protein Consequence	ga4gh:VA.CILcwMmLL6e0GYyvF0I70t06hNWj5iGB
323	IDH1 p.R132H	somatic_variant	Protein Consequence	ga4gh:VA.iZh-igOaUaWlGiz1m3WbZUVvwDyLEJ4R
324	IDH1 p.R132C	somatic_variant	Protein Consequence	ga4gh:VA.O8zC-ad_EKRCy_aO0XPs5spF0sEYDsU0
329	IDH2 p.R140Q	somatic_variant	Protein Consequence	ga4gh:VA.RNA3TdZTniFNEIgKSLqiNm4LE9JE2Xwb
330	IDH2 p.R172S	somatic_variant	Protein Consequence	ga4gh:VA.VV9OqRgs_36WZlVj6nlsXQmHSjV7uvL0
331	IDH2 p.R172K	somatic_variant	Protein Consequence	ga4gh:VA.FRHhQf23W6IpLwB95kjW5e_3QRmJzaG2
334	IDH2 p.R140Q	somatic_variant	Protein Consequence	ga4gh:VA.RNA3TdZTniFNEIgKSLqiNm4LE9JE2Xwb
338	JAK1 p.V656F	somatic_variant	Protein Consequence	ga4gh:VA.V2isIxZY6ZV2-100-DvNakriSprlomGe
339	JAK1 p.A634D	somatic_variant	Protein Consequence	ga4gh:VA.HjfGS4usbLzdIuhmo-30l-telWZY6CzG
341	JAK2 p.V617F	somatic_variant	Protein Consequence	ga4gh:VA.JiaDMZmDvTa7T_zVcVX8UWf4x9X6jG3_
342	JAK3 p.A572T	somatic_variant	Protein Consequence	ga4gh:VA.crmrR_XiXSwPKJmnQS-OQoPWXsRMJkh-
343	JAK3 p.M511I	somatic_variant	Protein Consequence	ga4gh:VA.qd7dq7ybsIeDC4f6GJo3bZxOruexl4li
344	JAK3 p.L857Q	somatic_variant	Protein Consequence	ga4gh:VA.i1VOJJgI77GHg9liTOl7ZSv80kOl3Ce7
352	KIT p.T670I	somatic_variant	Protein Consequence	ga4gh:VA._L7r4YO_nW3etQySFzjREsHI4j4qnzPv
353	KIT p.V654A	somatic_variant	Protein Consequence	ga4gh:VA.2jbEOWQLfQD0H3qVUZbVKlzA1EBhvA41
361	KIT p.W557C	somatic_variant	Protein Consequence	ga4gh:VA.Bh11Y4LpqNgI7KB0GYplBjb2Aiv2OxBb
362	KIT p.W557G	somatic_variant	Protein Consequence	ga4gh:VA.-X5LgVajv8hJeieqJbBFI6PnjHgyUtIH
363	KIT p.W557R	somatic_variant	Protein Consequence	ga4gh:VA.bJNRtqyXrTpZxrFJmZ6yzOhGrDGY-4-S
364	KIT p.V559A	somatic_variant	Protein Consequence	ga4gh:VA.nPBn1g_GPr7nSNOcDBor9pLGJsyZZZoX
365	KIT p.V559G	somatic_variant	Protein Consequence	ga4gh:VA.rdmWjmfv5r1vV2x97NdpqzKodyj5DMPp
366	KIT p.L576P	somatic_variant	Protein Consequence	ga4gh:VA.z2MmOn-EKde3j5N0335DbKXvMRHZ8sfg
367	KIT p.K642E	somatic_variant	Protein Consequence	ga4gh:VA._9KiRvPkoZgN3sRLRN28HKM0uQ1Ndq5-
369	KIT p.D816H	somatic_variant	Protein Consequence	ga4gh:VA.vHPfPMGRksMr4zLq-aO7BKHeBS5GoEle
374	KIT p.D816V	somatic_variant	Protein Consequence	ga4gh:VA.QSLb0bR-CRIFfKIENdHhcuUZwW3IS1aP
387	KRAS p.G12C	somatic_variant	Protein Consequence	ga4gh:VA.GtaY-fkmnMXM-bRKyu5qvya6Zd47AM_X
390	KRAS p.G12D	somatic_variant	Protein Consequence	ga4gh:VA.NtQTqsdO_Z8G0KpBQ1_z7QsHo_bVN43m
402	MAP2K1 p.P124L	somatic_variant	Protein Consequence	ga4gh:VA.Uhggl0kfMZ_MaFNo57-aSkvjs3BtjdGj
403	MAP2K1 p.Q56P	somatic_variant	Protein Consequence	ga4gh:VA.Tkb5vESjzbd7eUDOsmfUlhmg-TJTQM7g
408	MAP2K1 p.C121S	somatic_variant	Protein Consequence	ga4gh:VA.wjBDXOXnaZTkYjuhTe0Ey9RQIVS6XIfh
410	MAP2K2 p.Q60P	somatic_variant	Protein Consequence	ga4gh:VA.JU8Hqa9UAwea5fKWJJf_Ou757cz570rz
411	MAPK1 p.E322K	somatic_variant	Protein Consequence	ga4gh:VA.gd71aR16HOc7-nHLRgykfj7LcOyu6BFA
413	MET p.T1010I	somatic_variant	Protein Consequence	ga4gh:VA.J5zBAhB6Tps4S-IsqGNV0azxeW6rH-BP
421	MPL p.W515L	somatic_variant	Protein Consequence	ga4gh:VA.ONjwKW5tR0w95SbU5EUCfuPIvQxhWtdN
432	NRAS p.G12A	somatic_variant	Protein Consequence	ga4gh:VA.078FsMCLsPQusaDNRNcE9iCuk52ffs0_
433	NRAS p.G12C	somatic_variant	Protein Consequence	ga4gh:VA.gb0-lfGQqY52tTY-gQNkpQk_-kjOUMBh
434	NRAS p.G12D	somatic_variant	Protein Consequence	ga4gh:VA.6fySa8P47Q7DjsqrGKMSKS2fYpzdZdl3
435	NRAS p.G12R	somatic_variant	Protein Consequence	ga4gh:VA.q73ZQ79FDV0K53ZWebb4Z4MIb0SK9ros
436	NRAS p.G12S	somatic_variant	Protein Consequence	ga4gh:VA.DJ3mHANAwaWBHoP_tlAABMVJOpbi43Wt
437	NRAS p.G12V	somatic_variant	Protein Consequence	ga4gh:VA.5Jmah15DhleqR_L4Cceck2zoYY4UAckz
438	NRAS p.G13A	somatic_variant	Protein Consequence	ga4gh:VA.K8aKwv4QxelxHWPk9N1yMw8Zx0osv-LO
439	NRAS p.G13D	somatic_variant	Protein Consequence	ga4gh:VA.Vi9_O1D0NZjlJHY1C8iErs1ulF2NLy0f
440	NRAS p.G13R	somatic_variant	Protein Consequence	ga4gh:VA.4tkCjhl90tVBA3W8-4kPbKjOp82X16yp
441	NRAS p.G13V	somatic_variant	Protein Consequence	ga4gh:VA.1_DTGp3bCIrFFYD-jhIYggCZRvhFY9P9
442	NRAS p.Q61E	somatic_variant	Protein Consequence	ga4gh:VA.4MnG-a7SvcUvkG9n_UWR189DHx97PJj_
443	NRAS p.Q61H	somatic_variant	Protein Consequence	ga4gh:VA.qPk_A1ivYE7HIKO5GasYeFbzPT_w6drG
444	NRAS p.Q61L	somatic_variant	Protein Consequence	ga4gh:VA.5O7aEDzcl7FhKsqeg5WT_iirqIjCpHTr
446	NRAS p.Q61P	somatic_variant	Protein Consequence	ga4gh:VA.kXUi5jG-vEQvI1M68QnNiCsgECWC1H0-
447	NRAS p.Q61R	somatic_variant	Protein Consequence	ga4gh:VA.UtLI1rrsdnYpKO9B6xHJBsUHmJ6tRrYn
459	PDGFRA p.D842V	somatic_variant	Protein Consequence	ga4gh:VA.bjWVYvXPaPbIRAfZvE0Uw_P-i36PGkAz
467	PIK3CA p.E545Q	somatic_variant	Protein Consequence	ga4gh:VA.I2EHsdyKa1RU5mQCVuLxQNcqUODKbmaW
468	PIK3CA p.C420R	somatic_variant	Protein Consequence	ga4gh:VA.Nxz0N4ov2iqketOQz74Sipp8LgXVyoux
469	PIK3CA p.E542K	somatic_variant	Protein Consequence	ga4gh:VA.fH_NA-yLHTsF_P_SRqWYD-SYe8kIP2IX
470	PIK3CA p.E542Q	somatic_variant	Protein Consequence	ga4gh:VA.2OmWkE5p_GQ9GqfWDHXPMsQdUwinH9Ro
471	PIK3CA p.E545A	somatic_variant	Protein Consequence	ga4gh:VA.cHMY4gTf2MB-43xJURhOJNZERiGzvQYH
472	PIK3CA p.E545D	somatic_variant	Protein Consequence	ga4gh:VA.R1KBKRC-bkw7EThjVXgYKYcJkVBxUihR
474	PIK3CA p.E545G	somatic_variant	Protein Consequence	ga4gh:VA.WABk-_bU9ObST0H0eE72hIj0OEpX78eY
475	PIK3CA p.E545K	somatic_variant	Protein Consequence	ga4gh:VA.JtbA5ylDOt1lGLvvYwybn_s_-vLB8cvh
476	PIK3CA p.G1049R	somatic_variant	Protein Consequence	ga4gh:VA.wodcxMzUiTgouTS4hF7Eds_L-EDI5UaC
477	PIK3CA p.G1049S	somatic_variant	Protein Consequence	ga4gh:VA.zjfgoWCV21ThRUo54z4iBB5djQuJuERi
478	PIK3CA p.H1047L	somatic_variant	Protein Consequence	ga4gh:VA.VkzlYLUG-zVXR5dU-rz4Y3I_twI3kUVs
479	PIK3CA p.H1047R	somatic_variant	Protein Consequence	ga4gh:VA.RlhlEsuf37TD4nAC2ECL6onq-8AG80mw
480	PIK3CA p.H1047Y	somatic_variant	Protein Consequence	ga4gh:VA.Z1QMZdtOXAu2up3amTCzusY8jOkko0SQ
481	PIK3CA p.H701P	somatic_variant	Protein Consequence	ga4gh:VA.NBIOXXLLxiLvmmnDI4BiJtLXQWjCZneS
482	PIK3CA p.M1043I	somatic_variant	Protein Consequence	ga4gh:VA.TdExGXHZflky6uB4RxkWLqDeUWSTeH59
484	PIK3CA p.P539R	somatic_variant	Protein Consequence	ga4gh:VA._hllTuMEA7f9kETf1jW4TmsSOkpp5OL1
485	PIK3CA p.Q546K	somatic_variant	Protein Consequence	ga4gh:VA._TDbkBGDlBX6EfTuxt2Jv-9QUXwEQzUv
486	PIK3CA p.Y1021C	somatic_variant	Protein Consequence	ga4gh:VA.etF8HNjm7urbqzQfnzw-7FuGnaUpghip
488	POLD1 p.D316H	somatic_variant	Protein Consequence	ga4gh:VA.lgfMkuCVMWuD-GRLkMSNo8sfLnVjOYQe
489	POLD1 p.D316G	somatic_variant	Protein Consequence	ga4gh:VA.rL_qODeSKGKfu81wq5_RPsnUVY2WJ458
490	POLD1 p.R409W	somatic_variant	Protein Consequence	ga4gh:VA.9xm45KgAF4IP1_UzH749OWSixS96CBpC
491	POLD1 p.L474P	somatic_variant	Protein Consequence	ga4gh:VA.81ePQcwIoV7ns3TM7DCqwhLJzNa1C1Ar
495	POLE p.L424V	somatic_variant	Protein Consequence	ga4gh:VA.lN1M09gvpGPkL4elvta2DbATRC2akF8y
529	RET p.V804M	somatic_variant	Protein Consequence	ga4gh:VA.i3Wijz4w7QwMom0qmvd-DYEU2WPWDuIP
530	RET p.M918T	somatic_variant	Protein Consequence	ga4gh:VA.GweduWrfxV58YnSvUBfHPGOA-KCH_iIl
535	SETBP1 p.E858K	somatic_variant	Protein Consequence	ga4gh:VA.zFFngSUVJ67HaDGFyYq-5GSMjVvFtoWA
536	SETBP1 p.T864M	somatic_variant	Protein Consequence	ga4gh:VA.5XU0aGLWrdDTqnyeptt6gt2Z5J1wIszf
538	SETBP1 p.D868N	somatic_variant	Protein Consequence	ga4gh:VA.4pM7_VkkVJ2H06gTP9haIh57dOYgD5mT
539	SETBP1 p.D868Y	somatic_variant	Protein Consequence	ga4gh:VA.o28LVBUPirbBW6oLfh940Ggo3s9ML11X
540	SETBP1 p.S869C	somatic_variant	Protein Consequence	ga4gh:VA.HTY8eskMSTD6cCxzHyJumXBOH2ye01Ok
541	SETBP1 p.G870S	somatic_variant	Protein Consequence	ga4gh:VA.PeKwQARIuzTLu2IfearnmVqdQ324sAnS
543	SF3B1 p.E622Q	somatic_variant	Protein Consequence	ga4gh:VA.8NQehrkhe8JGaf0u92j5aFq9yZpdFl3G
544	SF3B1 p.E622D	somatic_variant	Protein Consequence	ga4gh:VA.MXUqXc80HWqWjSEMUoKwyz8ieeFWhdEF
545	SF3B1 p.Y623C	somatic_variant	Protein Consequence	ga4gh:VA.zwD01W295y5y1_eeOhsOfW1PCUH0D9Tb
546	SF3B1 p.R625C	somatic_variant	Protein Consequence	ga4gh:VA.uxmbcPMjgDJ7JTCXuAv-QQis5elwK6V7
547	SF3B1 p.R625H	somatic_variant	Protein Consequence	ga4gh:VA.DKiDwvrdV0VlYyLfX1NG3rXRkbpW4xPo
548	SF3B1 p.N626H	somatic_variant	Protein Consequence	ga4gh:VA.S_qr-JKNuboc_SJKFTzuWq12BClLJzNG
549	SF3B1 p.N626Y	somatic_variant	Protein Consequence	ga4gh:VA.X_11i7OBao6O0lUNPmzBDo2eW7rx08Ci
550	SF3B1 p.N626D	somatic_variant	Protein Consequence	ga4gh:VA.nE_DhEarl40lgTYDD-2yKRZXCc5U4nkH
551	SF3B1 p.H662R	somatic_variant	Protein Consequence	ga4gh:VA.IH1ZOBNFeQz_fSe_LMnbwKXPd70oatyd
552	SF3B1 p.T663P	somatic_variant	Protein Consequence	ga4gh:VA.IJxOQXdNwWyM1tmZ6NdBrIsU9XcxHHHw
553	SF3B1 p.K666N	somatic_variant	Protein Consequence	ga4gh:VA.9-Y2ZQvL5kCe0GLuveRxI9yUovIu2nyp
554	SF3B1 p.K666T	somatic_variant	Protein Consequence	ga4gh:VA.5c3U7EZPFQl3gdxKeMXiho3SdINNy6PQ
555	SF3B1 p.K666E	somatic_variant	Protein Consequence	ga4gh:VA.9g43GsUYgSrLkkr5l9A_NQn3IxTWeUmK
556	SF3B1 p.K700E	somatic_variant	Protein Consequence	ga4gh:VA.whO8Hvl7PXuKA_tJf4Iy7VeyU-aWfFNT
558	SF3B1 p.G740E	somatic_variant	Protein Consequence	ga4gh:VA.gxstydORFgAtfgAsP385BpHrKEaZ2SzQ
559	SF3B1 p.G740V	somatic_variant	Protein Consequence	ga4gh:VA.EdObQ12d63WVDCd1ReKihBSDtq0mSa92
560	SF3B1 p.G742D	somatic_variant	Protein Consequence	ga4gh:VA.E-PTd0OMD4XYok50BVfrY7QyzKYzOMbK
561	SF3B1 p.D781E	somatic_variant	Protein Consequence	ga4gh:VA.MGqDRndHFa22Kigl6mqte5iYPfNBkvZr
654	IL12RB1 p.Q32*	germline_variant	Protein Consequence	ga4gh:VA.SeRUlUdAJjHAitGJLijohmdGBJftazH3
655	IL12RB1 p.Q542*	germline_variant	Protein Consequence	ga4gh:VA.CsBzsgPC15Bn2QEKWbrnRX4ejGWLffXM
661	MRE11 p.R576*	germline_variant	Protein Consequence	ga4gh:VA.bSNc2R2mVCuudfIlJf6TQ4U1y08-InaN
680	POT1 p.R363*	germline_variant	Protein Consequence	ga4gh:VA.fsScHMChEdKitMrP_ZmBwg2G1uKA5_zi
696	AR Amplification	copy_number	Copy Number	ga4gh:CX.VIJD6vu8rhtcw-preGLm1j3GOJ15s8nc
701	AURKA Amplification	copy_number	Copy Number	ga4gh:CX.uLiJZi49tL7UJtcC8qmt0dXigJLG17AW
703	AURKB Amplification	copy_number	Copy Number	ga4gh:CX.LiOYJ5mIepwd7OoWzYvPTNoAyL19QHWN
704	BRAF Amplification	copy_number	Copy Number	ga4gh:CX.TZBOQe5xFojvFJ1XjQQD0633rStHtGUs
707	CCND1 Amplification	copy_number	Copy Number	ga4gh:CX.juMpRJTQe-cXd5NwCZLkW4rYlSF3Wy0r
708	CCND1 Amplification	copy_number	Copy Number	ga4gh:CX.juMpRJTQe-cXd5NwCZLkW4rYlSF3Wy0r
709	CCNE1 Amplification	copy_number	Copy Number	ga4gh:CX.V9Dwgo088Y2XOdhS1NYQgsMFj48ApJKb
710	CD274 Amplification	copy_number	Copy Number	ga4gh:CX.w0PrNyAG-TMPenT0y89L4KYjhKvMWoyq
716	CDK4 Amplification	copy_number	Copy Number	ga4gh:CX.ms7wmVsTZc_x0cpgfDQFvplp8ptIHBH9
724	CRKL Amplification	copy_number	Copy Number	ga4gh:CX.co0a3VJT3K1f2Yo9PV_45vJfCM9j22p9
725	EGFR Amplification	copy_number	Copy Number	ga4gh:CX.sEHT64Lm86QaTXzw39uKLkBUbEkp4h_X
726	ERBB2 Amplification	copy_number	Copy Number	ga4gh:CX.sfdL4tI7NYIKXtcL2jJyo3tzeoeYOOcS
744	ESR1 Amplification	copy_number	Copy Number	ga4gh:CX.umsb1R9tid2EeT3JNFHgcMbbvxyB9AKr
746	FGFR1 Amplification	copy_number	Copy Number	ga4gh:CX.H2AKyhB78TWf738tf7xGCXiqTN35A4fF
750	FGFR2 Amplification	copy_number	Copy Number	ga4gh:CX.cd2wF23PpDn8-Y3HxFAhYi4hRBkxrx7e
754	HIF1a Amplification	copy_number	Copy Number	ga4gh:CX.wylIQHINjN8vb7U3AcRwWhGz98KxS7QW
756	KIT Amplification	copy_number	Copy Number	ga4gh:CX.TEy03PVyUmjHBTxanGyWzVMp20MHyio2
757	MDM2 Amplification	copy_number	Copy Number	ga4gh:CX.pVj4Qo53bz9VqFkyHuzH-MdahZnLwKIG
758	MET Amplification	copy_number	Copy Number	ga4gh:CX.yUMibVYKc6dUxE982VhjXK-exeJydtQh
762	MIR17HG Amplification	copy_number	Copy Number	ga4gh:CX.nYHmBCnU83iiMlywuEpF_sjnwEt1XuO9
764	MRE11 Amplification	copy_number	Copy Number	ga4gh:CX.Dm15EUtMB9BwDnYF3HkqoAWrHcPbyfbY
765	MYC Amplification	copy_number	Copy Number	ga4gh:CX.dtGMpye8n2iy2Ly5SzUrzguxuVtflgST
766	MYC Amplification	copy_number	Copy Number	ga4gh:CX.dtGMpye8n2iy2Ly5SzUrzguxuVtflgST
767	PAK1 Amplification	copy_number	Copy Number	ga4gh:CX.7JflBccSlSdqQR2SHSRbzjdwaPYAUEdq
770	PIK3CA Amplification	copy_number	Copy Number	ga4gh:CX.lLfUpR9E3ehVCteToRHhWUuRiePR0I7e
780	TPX2 Amplification	copy_number	Copy Number	ga4gh:CX.mYdl9j8nh9kZKnmiyGgzX_oxn0EtTR_7
854	MAP2K4 Amplification	copy_number	Copy Number	ga4gh:CX.WLHYftcZOmFlGRrAC-tBoTdNRUieb5JG
857	MAPK7 Amplification	copy_number	Copy Number	ga4gh:CX.RuiJ4Gam5-Oz1OugoMar16cjVaJfSBvF
858	MYOCD Amplification	copy_number	Copy Number	ga4gh:CX.tMvgk273y1Gjt0GIj5GRxvSRb3UqsI84
859	PDGFRA Amplification	copy_number	Copy Number	ga4gh:CX.djhRFuSjFfI6vLoBQjIPD4krb7Unxkvu
868	IDH1 p.R132G	somatic_variant	Protein Consequence	ga4gh:VA.nB9f7uL9HBJj70ZqSimBFCEwv_1W0KMC
869	IDH1 p.R132S	somatic_variant	Protein Consequence	ga4gh:VA.jNPuoVr44MWaWXmffeUgLdN9lxYisgaa
870	IDH1 p.R132L	somatic_variant	Protein Consequence	ga4gh:VA.My7Dz91of1BesZ9PVk5u_vovguNywRCr
