variant_id	query	moa_feature_type	category
71	ABL1 p.T315I	somatic_variant	Protein Consequence
73	ABL1 p.T315A	somatic_variant	Protein Consequence
75	ABL1 p.F317L	somatic_variant	Protein Consequence
76	ABL1 p.F317V	somatic_variant	Protein Consequence
77	ABL1 p.F317I	somatic_variant	Protein Consequence
78	ABL1 p.F317C	somatic_variant	Protein Consequence
80	ABL1 p.E255K	somatic_variant	Protein Consequence
81	ABL1 p.E255V	somatic_variant	Protein Consequence
82	ABL1 p.Y253H	somatic_variant	Protein Consequence
83	ABL1 p.F359V	somatic_variant	Protein Consequence
84	ABL1 p.F359C	somatic_variant	Protein Consequence
85	ABL1 p.F359I	somatic_variant	Protein Consequence
97	ABL1 p.V299L	somatic_variant	Protein Consequence
108	ABL1 p.T315I	somatic_variant	Protein Consequence
112	AKT1 p.E17K	somatic_variant	Protein Consequence
115	ALK p.G1202R	somatic_variant	Protein Consequence
116	ALK p.F1174C	somatic_variant	Protein Consequence
117	ALK p.L1196M	somatic_variant	Protein Consequence
118	ALK p.G1269A	somatic_variant	Protein Consequence
119	ALK p.S1206Y	somatic_variant	Protein Consequence
120	AR p.T878A	somatic_variant	Protein Consequence
121	AR p.L702H	somatic_variant	Protein Consequence
122	ARAF p.S214C	somatic_variant	Protein Consequence
134	ATM p.A1127D	somatic_variant	Protein Consequence
146	BCOR p.N1425S	somatic_variant	Protein Consequence
149	BRAF p.V600E	somatic_variant	Protein Consequence
151	BRAF p.V600K	somatic_variant	Protein Consequence
250	DNMT3A p.R882H	somatic_variant	Protein Consequence
254	EGFR p.T790M	somatic_variant	Protein Consequence
267	EGFR p.L858R	somatic_variant	Protein Consequence
284	EGFR p.L858R	somatic_variant	Protein Consequence
286	EGFR p.L858R	somatic_variant	Protein Consequence
294	ERRFI1 p.E384*	somatic_variant	Protein Consequence
300	EZH2 p.Y646*	somatic_variant	Protein Consequence
301	EZH2 p.Y646F	somatic_variant	Protein Consequence
302	EZH2 p.Y646N	somatic_variant	Protein Consequence
303	EZH2 p.A682G	somatic_variant	Protein Consequence
304	EZH2 p.A692V	somatic_variant	Protein Consequence
307	FGFR3 p.R248C	somatic_variant	Protein Consequence
308	FGFR3 p.S249C	somatic_variant	Protein Consequence
309	FGFR3 p.G370C	somatic_variant	Protein Consequence
310	FGFR3 p.Y373C	somatic_variant	Protein Consequence
317	FLT3 p.F691L	somatic_variant	Protein Consequence
318	FLT3 p.K663Q	somatic_variant	Protein Consequence
319	GATA3 p.M294K	somatic_variant	Protein Consequence
323	IDH1 p.R132H	somatic_variant	Protein Consequence
324	IDH1 p.R132C	somatic_variant	Protein Consequence
329	IDH2 p.R140Q	somatic_variant	Protein Consequence
330	IDH2 p.R172S	somatic_variant	Protein Consequence
331	IDH2 p.R172K	somatic_variant	Protein Consequence
334	IDH2 p.R140Q	somatic_variant	Protein Consequence
338	JAK1 p.V656F	somatic_variant	Protein Consequence
339	JAK1 p.A634D	somatic_variant	Protein Consequence
341	JAK2 p.V617F	somatic_variant	Protein Consequence
342	JAK3 p.A572T	somatic_variant	Protein Consequence
343	JAK3 p.M511I	somatic_variant	Protein Consequence
344	JAK3 p.L857Q	somatic_variant	Protein Consequence
352	KIT p.T670I	somatic_variant	Protein Consequence
353	KIT p.V654A	somatic_variant	Protein Consequence
361	KIT p.W557C	somatic_variant	Protein Consequence
362	KIT p.W557G	somatic_variant	Protein Consequence
363	KIT p.W557R	somatic_variant	Protein Consequence
364	KIT p.V559A	somatic_variant	Protein Consequence
365	KIT p.V559G	somatic_variant	Protein Consequence
366	KIT p.L576P	somatic_variant	Protein Consequence
367	KIT p.K642E	somatic_variant	Protein Consequence
369	KIT p.D816H	somatic_variant	Protein Consequence
374	KIT p.D816V	somatic_variant	Protein Consequence
387	KRAS p.G12C	somatic_variant	Protein Consequence
390	KRAS p.G12D	somatic_variant	Protein Consequence
402	MAP2K1 p.P124L	somatic_variant	Protein Consequence
403	MAP2K1 p.Q56P	somatic_variant	Protein Consequence
408	MAP2K1 p.C121S	somatic_variant	Protein Consequence
410	MAP2K2 p.Q60P	somatic_variant	Protein Consequence
411	MAPK1 p.E322K	somatic_variant	Protein Consequence
413	MET p.T1010I	somatic_variant	Protein Consequence
421	MPL p.W515L	somatic_variant	Protein Consequence
432	NRAS p.G12A	somatic_variant	Protein Consequence
433	NRAS p.G12C	somatic_variant	Protein Consequence
434	NRAS p.G12D	somatic_variant	Protein Consequence
435	NRAS p.G12R	somatic_variant	Protein Consequence
436	NRAS p.G12S	somatic_variant	Protein Consequence
437	NRAS p.G12V	somatic_variant	Protein Consequence
438	NRAS p.G13A	somatic_variant	Protein Consequence
439	NRAS p.G13D	somatic_variant	Protein Consequence
440	NRAS p.G13R	somatic_variant	Protein Consequence
441	NRAS p.G13V	somatic_variant	Protein Consequence
442	NRAS p.Q61E	somatic_variant	Protein Consequence
443	NRAS p.Q61H	somatic_variant	Protein Consequence
444	NRAS p.Q61L	somatic_variant	Protein Consequence
446	NRAS p.Q61P	somatic_variant	Protein Consequence
447	NRAS p.Q61R	somatic_variant	Protein Consequence
459	PDGFRA p.D842V	somatic_variant	Protein Consequence
467	PIK3CA p.E545Q	somatic_variant	Protein Consequence
468	PIK3CA p.C420R	somatic_variant	Protein Consequence
469	PIK3CA p.E542K	somatic_variant	Protein Consequence
470	PIK3CA p.E542Q	somatic_variant	Protein Consequence
471	PIK3CA p.E545A	somatic_variant	Protein Consequence
472	PIK3CA p.E545D	somatic_variant	Protein Consequence
474	PIK3CA p.E545G	somatic_variant	Protein Consequence
475	PIK3CA p.E545K	somatic_variant	Protein Consequence
476	PIK3CA p.G1049R	somatic_variant	Protein Consequence
477	PIK3CA p.G1049S	somatic_variant	Protein Consequence
478	PIK3CA p.H1047L	somatic_variant	Protein Consequence
479	PIK3CA p.H1047R	somatic_variant	Protein Consequence
480	PIK3CA p.H1047Y	somatic_variant	Protein Consequence
481	PIK3CA p.H701P	somatic_variant	Protein Consequence
482	PIK3CA p.M1043I	somatic_variant	Protein Consequence
484	PIK3CA p.P539R	somatic_variant	Protein Consequence
485	PIK3CA p.Q546K	somatic_variant	Protein Consequence
486	PIK3CA p.Y1021C	somatic_variant	Protein Consequence
488	POLD1 p.D316H	somatic_variant	Protein Consequence
489	POLD1 p.D316G	somatic_variant	Protein Consequence
490	POLD1 p.R409W	somatic_variant	Protein Consequence
491	POLD1 p.L474P	somatic_variant	Protein Consequence
495	POLE p.L424V	somatic_variant	Protein Consequence
529	RET p.V804M	somatic_variant	Protein Consequence
530	RET p.M918T	somatic_variant	Protein Consequence
535	SETBP1 p.E858K	somatic_variant	Protein Consequence
536	SETBP1 p.T864M	somatic_variant	Protein Consequence
538	SETBP1 p.D868N	somatic_variant	Protein Consequence
539	SETBP1 p.D868Y	somatic_variant	Protein Consequence
540	SETBP1 p.S869C	somatic_variant	Protein Consequence
541	SETBP1 p.G870S	somatic_variant	Protein Consequence
543	SF3B1 p.E622Q	somatic_variant	Protein Consequence
544	SF3B1 p.E622D	somatic_variant	Protein Consequence
545	SF3B1 p.Y623C	somatic_variant	Protein Consequence
546	SF3B1 p.R625C	somatic_variant	Protein Consequence
547	SF3B1 p.R625H	somatic_variant	Protein Consequence
548	SF3B1 p.N626H	somatic_variant	Protein Consequence
549	SF3B1 p.N626Y	somatic_variant	Protein Consequence
550	SF3B1 p.N626D	somatic_variant	Protein Consequence
551	SF3B1 p.H662R	somatic_variant	Protein Consequence
552	SF3B1 p.T663P	somatic_variant	Protein Consequence
553	SF3B1 p.K666N	somatic_variant	Protein Consequence
554	SF3B1 p.K666T	somatic_variant	Protein Consequence
555	SF3B1 p.K666E	somatic_variant	Protein Consequence
556	SF3B1 p.K700E	somatic_variant	Protein Consequence
558	SF3B1 p.G740E	somatic_variant	Protein Consequence
559	SF3B1 p.G740V	somatic_variant	Protein Consequence
560	SF3B1 p.G742D	somatic_variant	Protein Consequence
561	SF3B1 p.D781E	somatic_variant	Protein Consequence
654	IL12RB1 p.Q32*	germline_variant	Protein Consequence
655	IL12RB1 p.Q542*	germline_variant	Protein Consequence
661	MRE11 p.R576*	germline_variant	Protein Consequence
680	POT1 p.R363*	germline_variant	Protein Consequence
696	AR Amplification	copy_number	Copy Number
701	AURKA Amplification	copy_number	Copy Number
703	AURKB Amplification	copy_number	Copy Number
704	BRAF Amplification	copy_number	Copy Number
707	CCND1 Amplification	copy_number	Copy Number
708	CCND1 Amplification	copy_number	Copy Number
709	CCNE1 Amplification	copy_number	Copy Number
710	CD274 Amplification	copy_number	Copy Number
716	CDK4 Amplification	copy_number	Copy Number
724	CRKL Amplification	copy_number	Copy Number
725	EGFR Amplification	copy_number	Copy Number
726	ERBB2 Amplification	copy_number	Copy Number
744	ESR1 Amplification	copy_number	Copy Number
746	FGFR1 Amplification	copy_number	Copy Number
750	FGFR2 Amplification	copy_number	Copy Number
754	HIF1a Amplification	copy_number	Copy Number
756	KIT Amplification	copy_number	Copy Number
757	MDM2 Amplification	copy_number	Copy Number
758	MET Amplification	copy_number	Copy Number
762	MIR17HG Amplification	copy_number	Copy Number
764	MRE11 Amplification	copy_number	Copy Number
765	MYC Amplification	copy_number	Copy Number
766	MYC Amplification	copy_number	Copy Number
767	PAK1 Amplification	copy_number	Copy Number
770	PIK3CA Amplification	copy_number	Copy Number
780	TPX2 Amplification	copy_number	Copy Number
854	MAP2K4 Amplification	copy_number	Copy Number
857	MAPK7 Amplification	copy_number	Copy Number
858	MYOCD Amplification	copy_number	Copy Number
859	PDGFRA Amplification	copy_number	Copy Number
868	IDH1 p.R132G	somatic_variant	Protein Consequence
869	IDH1 p.R132S	somatic_variant	Protein Consequence
870	IDH1 p.R132L	somatic_variant	Protein Consequence
